a,c,f,g,h,i,j,k,Y
366,27550,20000,30000,70000,33968.904,25000,60244.65928,1871220.657
367,26707.5,20000,30000,70000,33948.92,25000,66565.74329,1877438.954
368,22364,20000,30000,70000,33667.488,25000,72857.57226,1873703.561
369,24823,20000,30000,70000,34359.366,25000,79160.83512,1895612.423
370,18600,20000,30000,70000,33668.92,25000,85403.79652,1882706.292
371,20690.5,20000,30000,70000,34371.864,25000,91683.50271,1904054.939
372,22792,20000,30000,70000,33374.04,25000,97957.06273,1901951.61
373,23039.5,20000,30000,70000,33532.31,25000,104238.1289,1912435.362
374,21605,20000,30000,70000,33064.556,25000,110478.7301,1911149.954
375,23162.5,20000,30000,70000,33045,25000,116736.3132,1921517.775
376,25292,20000,30000,70000,33948.752,25000,122991.2686,1945680.282
377,21589,20000,30000,70000,34040.686,25000,129222.1756,1947875.225
378,21835,20000,30000,70000,33754.296,25000,135472.8944,1952100.676
379,27009,20000,30000,70000,33461.786,25000,141692.5264,1965312.342
380,22330,20000,30000,70000,34210.4,25000,147902.3911,1974645.222
381,23722,20000,30000,70000,33510.534,25000,154137.7296,1975225.254
382,20537,20000,30000,70000,33477.728,25000,160327.9024,1976432.761
383,28250.5,20000,30000,70000,34376.158,25000,166532.2082,2010835.822
384,21796,20000,30000,70000,34503.552,25000,172735.5392,2008092.004
385,28012.5,20000,30000,70000,34251.17,25000,178925.6351,2023810.482
386,27120,20000,30000,70000,33545.024,25000,185084.9775,2019881.965
387,27383.5,20000,30000,70000,33976.812,25000,191276.7856,2033850.228
388,21052,20000,30000,70000,34361.12,25000,197432.815,2034624.484
389,21689.5,20000,30000,70000,34536.518,25000,203591.3215,2045654.827
390,26035,22603.5,30000,70000,34045.08,25000,209750.2511,2057119.337
391,23755.5,22375.55,30000,70000,34431.594,25000,215924.878,2065270.3
392,19896,21989.6,30000,70000,33309.264,25000,222083.5377,2049364.596
393,19750,21975,30000,70000,34034.538,25000,228248.5806,2066378.896
394,29059,22905.9,30000,70000,34087.356,25000,234585.3263,2093363.111
395,22022.5,22202.25,30000,70000,34486.41,25000,240770.6346,2091929.294
396,29800,20000,30000,70000,34287.096,25000,246814.1684,2109098.917
397,28485.5,20000,30000,70000,33956.502,25000,253021.1015,2109285.843
398,26965,20000,30000,70000,33478.52,25000,259214.8374,2106993.356
399,29825.5,20000,30000,70000,33996.384,25000,265269.8838,2126750.859
400,23100,20000,30000,70000,34629.6,25000,271194.4334,2129285.091
401,23558.5,20000,30000,70000,34240.976,25000,277244.9631,2131816.834
402,28642,20000,30000,70000,33760.308,25000,283445.3858,2142264.348
403,26899.5,20000,30000,70000,33468.218,25000,289514.7046,2141805.028
404,26966,20000,30000,70000,34296.944,25000,295662.0213,2160342.302
405,25412.5,20000,30000,70000,34175.55,25000,301775.5553,2162562.869
406,28723,20000,30000,70000,33468.052,25000,307869.9844,2166284.008
407,26148,20000,30000,70000,33431.01,25000,314011.7755,2167609.474
408,24988,20000,30000,70000,34220.352,25000,320316.0918,2183188.746
409,24844.5,20000,30000,70000,33571.388,25000,326485.4535,2180884.948
410,26955,20000,30000,70000,34052.44,25000,332591.9766,2198474.87
411,21266.5,20000,30000,70000,34874.46,25000,338599.6857,2205032.49
412,27910,20000,30000,70000,33502.824,25000,344748.8519,2206312.461
413,30868.5,20000,30000,70000,33406.424,25000,350926.0567,2217719.629
414,29908,20000,30000,70000,34647.564,25000,356972.5836,2239395.241
415,28735,20000,30000,70000,33771.52,25000,363187.2062,2231825.864
416,27140,20000,30000,70000,34474.496,25000,369233.1798,2244769.194
417,30541,20000,30000,70000,33572.022,25000,375466.5089,2246058.28
418,27061,20000,30000,70000,34406.556,25000,381746.3475,2257127.291
419,24611.5,20000,30000,70000,34948.39,25000,388241.6124,2266444.297
420,23620,22362,30000,70000,34060.56,25000,393927.1412,2260759.837
421,25360,22536,30000,70000,33718.272,25000,400089.578,2266349.359
422,27741,22774.1,30000,70000,34179.488,25000,406715.5594,2284697.954
423,22307.5,22230.75,30000,70000,34164.858,25000,412659.2337,2279063.009
424,26176,22617.6,30000,70000,33591.28,25000,419356.0964,2286583.892
425,22837.5,22283.75,30000,70000,34230.45,25000,425595.8982,2294537.964
426,26086,20000,30000,70000,34558.2,25000,431625.2648,2309649.985
427,27428,20000,30000,70000,35013.834,25000,437961.0942,2325131.865
428,31986,20000,30000,70000,33664.536,25000,443950.1748,2322499.189
429,26054.5,20000,30000,70000,33774.342,25000,450483.5083,2318367.435
430,31275,20000,30000,70000,33977.5,25000,456369.1516,2338007.948
431,23158.5,20000,30000,70000,33686.774,25000,462595.5514,2323491.871
432,23428,20000,30000,70000,34339.008,25000,468591.303,2338915.933
433,30843,20000,30000,70000,34705.844,25000,475149.2026,2366007.35
434,25489,20000,30000,70000,33716.776,25000,481080.0856,2347430.626
435,22720,20000,53856,70000,34672.77,25000,487047.7536,2384285.451
436,31274,20000,62837.7,70000,34169.032,25000,493515.8819,2410995.868
437,26538.5,20000,57865.425,70000,34139.264,25000,499955.7373,2402042.548
438,31636,20000,63217.8,70000,34178.52,25000,506797.1167,2425517.866
439,28854.5,20000,60297.225,70000,34668.326,25000,518002.7433,2434404.266
440,32440,20000,64062,70000,35068.8,25000,522618.9978,2455683.943
441,23914,20000,55109.7,70000,34072.194,25000,530496.3529,2423027.55
442,26620,20000,57951,70000,33863.964,25000,534883.5439,2433126.926
443,32439,20000,64060.95,70000,33763.728,25000,544367.7139,2459708.594
444,27850,20000,59242.5,70000,34758.792,25000,547837.6362,2461624.249
445,31472.5,20000,63046.125,70000,35019.6,25000,556121.9997,2484785.574
446,33327,20000,64993.35,70000,33746.4,25000,561315.6428,2478837.923
447,31166.5,20000,62724.825,70000,35144.97,25000,569159.3062,2498114.154
448,25860,20000,57153,70000,35352.704,25000,573776.2585,2488208.577
449,28836,20000,60277.8,70000,35370.04,27500,579476.1953,2504747.174
450,28225,22822.5,30000,70000,33659.4,27500,586335.9799,2459995.358
451,26258,22625.8,30000,70000,33622.432,27500,593652.8692,2462174.647
452,25186,22518.6,30000,70000,34070.712,27500,600564.4976,2472312.589
453,27506.5,22750.65,30000,70000,34199.31,27500,607920.5925,2486261.506
454,29837,22983.7,30000,70000,34971.3,27500,608096.5504,2501503.718
455,31040,23104,30000,70000,35427.24,27500,614996.901,2516764.513
456,33844,20000,30000,70000,34523.52,27500,619831.656,2512361.752
457,23864,20000,30000,70000,34581.882,27500,626927.0842,2498329.429
458,34450,20000,30000,70000,33759.264,27500,633499.9837,2516691.098
459,25574.5,20000,30000,70000,35463.018,27500,639279.5862,2525093.693
460,27930,20000,30000,70000,34013.96,27500,645603.7351,2517250.488
461,25685.5,20000,30000,70000,35314.408,27500,650837.2582,2534102.338
462,28282,20000,30000,70000,34005.54,27500,656522.0767,2528020.359
463,30889.5,20000,30000,70000,35058.738,27500,664077.9153,2554502.254
464,25156,20000,30000,70000,33849.344,27500,669845.3992,2531619.819
465,29860,20000,30000,70000,34088.28,27500,676167.0159,2550894.351
466,27827,20000,30000,70000,34961.968,27500,681074.9814,2562142.072
467,28353.5,20000,30000,70000,34170.31,27500,688402.7454,2559942.408
468,30052,20000,30000,70000,34098.744,27500,693215.1628,2567094.099
469,26364,20000,30000,70000,35142.116,27500,699388.2494,2578000.907
470,28770,20000,30000,70000,33792.9,27500,706005.2314,2572121.242
471,32128,20000,30000,70000,34643.118,27500,712006.3047,2595926.332
472,27948,20000,30000,70000,34019.552,27500,717036.3899,2583158.054
473,29189.5,20000,30000,70000,34985.42,27500,724370.1142,2605004.249
474,33991,20000,30000,70000,35379.9,27500,729628.4944,2625409.059
475,23850,20000,30000,70000,34736.7,27500,735078.505,2599411.053
476,30564,20000,30000,70000,35523.504,27500,742296.5018,2631006.809
477,26335,20000,30000,70000,35423.49,27500,748166.8663,2625469.249
478,24478,20000,30000,70000,34361.272,27500,754369.2018,2613407.195
479,25487,20000,30000,70000,34401.052,27500,759969.8351,2621105.286
480,34420,23442,30000,70000,33939.84,27500,765052.7174,2643311.038
481,33289,23328.9,30000,70000,34606.056,27500,771689.3136,2654975.158
482,32394,23239.4,30000,70000,35147.76,27500,777401.0683,2664652.709
483,25216,22521.6,30000,70000,34506.39,27500,781614.6353,2643096.222
484,36400,23640,30000,70000,35503.08,27500,787645.5643,2687350.213
485,32110,23211,30000,70000,35765.68,27500,795457.0312,2687456.321
486,27559,20000,30000,70000,34955.256,27500,799410.1511,2666927.187
487,31268,20000,30000,70000,35264.47,27500,806237.2336,2685239.115
488,34260,20000,30000,70000,34434.944,27500,811055.8958,2685806.856
489,33352,20000,30000,70000,34784.376,27500,818240.3143,2694387.091
490,31215,20000,30000,70000,35614.42,27500,822500.6158,2703088.314
491,30787.5,20000,30000,70000,35699.528,27500,829255.7475,2708982.897
492,36016,20000,30000,70000,35163.048,27500,833652.3282,2717919.325
493,25489.5,20000,30000,70000,34068.236,27500,840952.6357,2686550.566
494,32704,20000,30000,70000,35805.488,27500,844654.724,2727197.457
495,32770,20000,30000,70000,35367.78,27500,850992.2634,2727341.71
496,28124,20000,30000,70000,35155.424,27500,854912.9692,2716855.53
497,36878,20000,30000,70000,34282.152,27500,861155.8459,2731829.743
498,27490,20000,30000,70000,34213.08,27500,867849.6955,2714760.473
499,29541,20000,30000,70000,35388.202,27500,872256.0978,2737046.742
500,29350,20000,30000,70000,35763,27500,877818.7578,2745531.105
501,30410.5,20000,30000,70000,35023.026,27500,885269.6829,2745402.999
502,25200,20000,30000,70000,35469.792,27500,891676.9928,2743742.472
503,31537.5,20000,30000,70000,35401.214,27500,896809.7218,2761725.787
504,34624,20000,30000,70000,35070.24,27500,900220.5829,2767226.201
505,35450,20000,30000,70000,35609.54,27500,909081.8647,2783204.296
506,37544,20000,30000,70000,35047.856,27500,914444.2984,2785573.833
507,33815.5,20000,30000,70000,35218.044,27500,916384.0483,2779407.19
508,26770,20000,30000,70000,35310.632,27500,924336.2324,2770398.428
509,33439.5,20000,30000,70000,34216.556,27500,927938.0444,2775589.733
510,30700,23070,30000,70000,34633.86,27500,932850.2497,2780587.639
511,31015.5,23101.55,30000,70000,34318.972,27500,940245.4608,2783672.626
512,26212,22621.2,30000,70000,35659.648,27500,944453.1795,2790146.802
513,30880,23088,30000,70000,35807.16,27500,950956.1903,2808491.407
514,32739,23273.9,30000,70000,35445.316,27500,958616.8006,2815067.691
515,27652.5,22765.25,30000,70000,35316.86,27500,963952.3327,2804660.33
516,30544,20000,30000,70000,35666.712,27500,968088.3637,2815447.164
517,34480.5,20000,30000,70000,35539.138,27500,973136.6174,2826907.575
518,36360,20000,30000,70000,34600.876,27500,978337.3205,2824265.91
519,35651.5,20000,30000,70000,34757.154,27500,985711.4269,2830119.722
520,26620,20000,30000,70000,36137.04,27500,989211.4283,2825870.621
521,32141.5,20000,30000,70000,35101.632,27500,993814.0899,2830345.818
522,37684,20000,30000,70000,35564.52,27500,1002052.834,2855592.527
523,35925.5,20000,30000,70000,35744.632,27500,1005364.901,2854940.451
524,34946,20000,30000,70000,34745.344,27500,1010561.806,2844723.193
525,31337.5,20000,62904.375,70000,34788,27500,1017341.411,2874326.198
526,28504,20000,59929.2,70000,34362.644,27500,1022066.015,2862590.287
527,33301,20000,64966.05,70000,34832.59,27500,1024105.924,2884851.804
528,35212,20000,66972.6,70000,34588.32,27500,1035307.79,2898196.132
529,39246,20000,71208.3,70000,35740.708,27500,1047261.284,2935251.142
530,30045,20000,61547.25,70000,35096.48,27500,1051200.191,2897881.486
531,27446.5,20000,58818.825,70000,34540.05,27500,1060630.873,2890127.548
532,37340,20000,69207,163350,35285.952,27500,1067157.154,3031084.069
533,31813.5,20000,63404.175,149533.75,34880.148,27500,1070449.042,2994715.285
534,37747,20000,69634.35,164367.5,35946.624,27500,1080677.9,3050386.551
535,38887.5,20000,70831.875,167218.75,35702.03,27500,1080610.381,3052539.472
536,28776,20000,60214.8,141940,36036.432,27500,1111074.798,3023625.376
537,37690,20000,69574.5,164225,34700.898,27500,1125373.901,3075234.389
538,31035,20000,62586.75,147587.5,36014.84,27500,1136371.634,3058184.913
539,36213,20000,68023.65,160532.5,34344.34,30250,1136462.854,3070639.159
540,33580,23358,30000,70000,36087.96,30250,1134126.698,2953278.32
541,34724,23472.4,30000,70000,34674.24,30250,1141220.559,2946107.903
542,32891,23289.1,30000,70000,35754.956,30250,1141455.773,2951059.115
543,27250,22725,30000,70000,34516.674,30250,1158308.955,2938201.685
544,31108,23110.8,30000,70000,34913.408,30250,1121439.595,2913303.431
545,30075,23007.5,30000,70000,34566.01,30250,1128610.303,2912029.763
546,38047,20000,30000,70000,34757.844,30250,1135611.073,2935631.083
547,35108,20000,30000,70000,36334.26,30250,1137258.711,2944307.959
548,40378,20000,30000,70000,35942.512,30250,1146477.49,2960330.555
549,37432,20000,30000,70000,36575.922,30250,1147996.192,2958890.561
550,27875,20000,30000,70000,35722.2,30250,1154672.826,2930716.551
551,33160,20000,30000,70000,35721.584,30250,1155859.347,2942832.492
552,29632,20000,30000,70000,35252.832,30250,1158699.822,2929819.294
553,31068,20000,30000,70000,35664.932,30250,1166086.693,2942756.184
554,38880,20000,30000,70000,35901.208,30250,1173686.347,2970067.892
555,38672.5,20000,30000,70000,36424.68,30250,1183412.133,2982311.997
556,34294,20000,30000,70000,36477.4,30250,1183363.466,2969501.013
557,34355.5,20000,30000,70000,36194.954,30250,1193060.577,2974204.004
558,37486,20000,30000,70000,35937.12,30250,1195312.276,2979459.477
559,41745.5,20000,30000,70000,34700.072,30250,1198954.13,2979246.607
560,29500,20000,30000,70000,36345.92,30250,1206973.935,2970372.031
561,34040.5,20000,30000,70000,35842.254,30250,1211286.991,2978849.474
562,40002,20000,30000,70000,35689.688,30250,1214823.204,2993671.05
563,40636,20000,30000,70000,36564.58,30250,1219173.653,3005878.576
564,31402,20000,30000,70000,34647.36,30250,1226043.559,2968225.09
565,35977.5,20000,30000,70000,36778.87,30250,1233110.747,3005305.298
566,41984,20000,30000,70000,36585.976,30250,1237208.649,3020460.356
567,29867.5,20000,30000,70000,35770.926,30250,1239547.228,2981629.754
568,42132,20000,30000,70000,36760.336,30250,1240841.59,3021371.926
569,31395,20000,30000,70000,36408.078,30250,1252431.92,2999693.199
570,36010,23601,30000,70000,36627.96,30250,1254782.265,3017131.29
571,38928,23892.8,30000,70000,34654.792,30250,1261813.99,3010875.668
572,39282,23928.2,30000,70000,36405.256,30250,1262355.923,3026464.084
573,30182.5,23018.25,30000,70000,35727.708,30250,1270688.34,3001662.607
574,28800,22880,30000,70000,35325.572,30250,1279379.129,3000449.319
575,37762.5,23776.25,30000,70000,35744.25,30250,1281299.926,3027851.879
576,41860,20000,30000,70000,35647.104,30250,1288467.654,3038500.216
577,43375,20000,30000,70000,34961.046,30250,1285792.189,3031010.889
578,37959,20000,30000,70000,35737.228,30250,1295859.389,3031700.809
579,41498.5,20000,30000,70000,36678.186,30250,1295773.844,3046883.487
580,36640,20000,30000,70000,35649.2,30250,1300946.577,3027582.354
581,35831.5,20000,30000,70000,36688.472,30250,1306004.005,3037379.77
582,42295,20000,30000,70000,35076.204,30250,1311527.315,3042754.206
583,37995,20000,30000,70000,35684.25,30250,1312766.823,3035688.945
584,34848,20000,30000,70000,36890.032,30250,1323089.534,3045922.363
585,34615,20000,30000,70000,35673.33,30250,1318657.926,3027522.222
586,29400,20000,30000,70000,36145.968,30250,1330225.033,3026968.904
587,32385,20000,30000,70000,36459.348,30250,1334493.718,3039170.789
588,42436,20000,30000,70000,35928.216,30250,1334359.502,3058200.215
589,35734.5,20000,30000,70000,35835.812,30250,1340964.323,3043737.654
590,37860,20000,30000,70000,36196.18,30250,1353430.053,3062249.649
591,38515,20000,30000,70000,36769.314,30250,1352596.546,3065360.77
592,41244,20000,30000,70000,35865.536,30250,1360569.948,3070149.858
593,38348.5,20000,30000,70000,35899.164,30250,1367702.288,3067210.145
594,29800,20000,30000,70000,35053.752,30250,1367750.285,3034770.473
595,44427.5,20000,30000,70000,34775.47,30250,1373646.891,3074450.652
596,32582,20000,30000,70000,36787.248,30250,1368080.587,3051422.387
597,37412.5,20000,30000,70000,36660.132,30250,1374035.375,3066347.985
598,44053,20000,30000,70000,35251.636,30250,1382123.805,3077736.305
599,33045,20000,30000,70000,37093.358,30250,1387833.683,3066336.825
600,34300,23430,30000,70000,36922.8,30250,1386272.837,3067264.949
601,42170,24217,30000,70000,34983.492,30250,1391941.964,3076217.361
602,43143,24314.3,30000,70000,37034.972,30250,1405439.038,3106050.431
603,36883,23688.3,30000,70000,36233.814,30250,1400853.462,3074724.292
604,32112,23211.2,30000,70000,36854.192,30250,1411267.502,3073820.777
605,33375,23337.5,30000,70000,35336.1,30250,1419676.755,3070795.93
606,30703,20000,30000,70000,35454,30250,1417580.305,3056139.603
607,34092,20000,30000,70000,36634.51,30250,1424539.389,3078430.428
608,34452,20000,30000,70000,37120.896,30250,1433523.855,3089092.03
609,37553.5,20000,30000,70000,36122.886,30250,1427233.865,3080429.908
610,33040,20000,30000,70000,35344.82,30250,1438236.486,3070224.174
611,31261,20000,30000,70000,36791.876,30250,1433149.271,3068223.756
612,33454,20000,30000,70000,35425.992,30250,1437332.145,3064922.821
613,44849,20000,30000,70000,35944.874,30250,1440678.602,3100009.561
614,32028,20000,30000,70000,35839.14,30250,1448902.847,3069462.879
615,39460,20000,71433,70000,36307.44,30250,1460926.745,3143451.053
616,44760,20000,76998,70000,36603.52,30250,1458120.359,3159647.701
617,42981.5,20000,75130.575,70000,37026.396,30250,1455865.951,3150544.076
618,32236,20000,63847.8,70000,35938.98,30250,1469890.018,3112803.018
619,41263.5,20000,73326.675,70000,36303.896,30250,1485407.599,3161877.773
620,38850,20000,70792.5,70000,36397.16,30250,1485087.152,3149815.744
621,39223,20000,71184.15,70000,36170.256,30250,1497202.285,3158452.415
622,42085,20000,74189.25,70000,36205.072,30250,1500436.367,3169504.05
623,41529.5,20000,73605.975,70000,35342.848,30250,1496664.365,3154307.027
624,36292,20000,68106.6,70000,35159.232,30250,1502730.138,3135899.682
625,46350,20000,78667.5,70000,36807.5,30250,1507716.551,3187191.078
626,32965,20000,64613.25,70000,35634,30250,1508763.445,3125864.072
627,37093,20000,68947.65,70000,35269.308,30250,1509596.295,3136601.125
628,33384,20000,65053.2,70000,36197.104,30250,1516860.697,3132577.364
629,46960.5,20000,79308.525,70000,36042.174,33275,1519755.367,3183534.08
630,36640,23664,30000,70000,36074.46,33275,1537760.404,3124608.418
631,44270,24427,30000,70000,37410.464,33275,1541900.691,3155627.475
632,34544,23454.4,30000,70000,35847.264,33275,1548141.075,3120680.503
633,36181,23618.1,30000,70000,35348.85,33275,1547543.23,3118041.832
634,42261,24226.1,30000,70000,35879.716,33275,1529176.742,3116870.179
635,39787.5,23978.75,30000,70000,35344.16,33275,1532909.937,3106717.327
636,40168,20000,30000,70000,36919.68,33275,1536031.887,3113357.234
637,42142,20000,30000,70000,36185.27,33275,1537958.235,3112574.898
638,41889,20000,30000,70000,37641.964,33275,1551849.013,3131263.015
639,36842.5,20000,30000,70000,37347.222,33275,1552792.517,3112906.77
640,41700,20000,30000,70000,35487.36,33275,1556886.294,3115473.777
641,32791,20000,30000,70000,37659.95,33275,1549223.314,3092810.679
642,32200,20000,30000,70000,37617.972,33275,1561347.927,3099394.068
643,39644.5,20000,30000,70000,36511.018,33275,1562529.651,3110949.783
644,35842,20000,30000,70000,37594.048,33275,1568243.263,3108894.933
645,48475,20000,30000,70000,35623.11,33275,1573769.612,3134326.092
646,47904,20000,30000,70000,35754.568,33275,1578478.675,3134682.225
647,48301.5,20000,30000,70000,36854.318,33275,1583637.943,3143673.949
648,37684,20000,30000,70000,37599.744,33275,1584327.442,3115437.756
649,43583,20000,30000,70000,35293.244,33275,1580649.355,3111611.301
650,36825,20000,30000,70000,35935.8,33275,1588745.124,3100884.045
651,44368,20000,30000,70000,36631.086,33275,1602317.403,3135716.86
652,32700,20000,30000,70000,35638.496,33275,1594040.562,3085836.52
653,41565.5,20000,30000,70000,37223.486,33275,1598809.574,3120311.791
654,47188,20000,30000,70000,35470.056,33275,1601886.167,3126146.267
655,47587.5,20000,30000,70000,35323.84,33275,1612757.651,3133814.631
656,35524,20000,30000,70000,36587.552,33275,1610431.049,3100663.818
657,49046.5,20000,30000,70000,36439.914,33275,1615949.545,3139758.186
658,41225,20000,30000,70000,36399.708,33275,1618413.035,3116410.123
659,34038.5,20000,30000,70000,37424.294,33275,1623318.469,3102611.785
660,41680,24168,30000,70000,35719.56,33275,1623467.914,3116262.46
661,37777,23777.7,30000,70000,36385.26,33275,1630032.723,3111108.607
662,44123,24412.3,30000,70000,37109.88,33275,1631471.671,3130994.797
663,43858,24385.8,30000,70000,35691.192,33275,1634436.648,3122684.487
664,40936,24093.6,30000,70000,37576.24,33275,1636812.62,3121878.092
665,37340,23734,30000,70000,36082.09,33275,1647087.88,3110868.167
666,42058,20000,30000,70000,37180.812,33275,1647394.969,3122299.454
667,33783.5,20000,30000,70000,37084.874,33275,1657957.588,3105236.415
668,44188,20000,30000,70000,35867.712,33275,1653176.467,3120815.057
669,44254,20000,30000,70000,37676.106,33275,1652048.276,3124367.449
670,43315,20000,30000,70000,36943.88,33275,1668473.544,3131169.866
671,45728,20000,30000,70000,35418.996,33275,1651795.297,3111045.323
672,44788,20000,30000,70000,35642.112,33275,1673207.195,3127152.805
673,47546.5,20000,30000,70000,36950.744,33275,1667278.138,3131072.918
674,48965,20000,30000,70000,36500.056,33275,1662283.54,3124578.538
675,39925,20000,30000,70000,36353.1,33275,1669334.836,3101485.689
676,45054,20000,30000,70000,36152.952,33275,1674550.435,3116928.196
677,43428,20000,30000,70000,36644.078,33275,1682542.804,3118588.834
678,47221,20000,30000,70000,37078.32,33275,1683462.272,3128452.008
679,42877,20000,30000,70000,36648.768,33275,1683695.644,3110816.158
680,35800,20000,30000,70000,36168.96,33275,1685981.928,3087189.257
681,38576.5,20000,30000,70000,37465.122,33275,1688312.209,3098752.891
682,34882,20000,30000,70000,36734.068,33275,1693707.846,3086999.036
683,34933,20000,30000,70000,37799.86,33275,1703129.086,3096755.031
684,43192,20000,30000,70000,37874.208,33275,1688293.523,3102265.508
685,50790,20000,30000,70000,36033.48,33275,1703257.899,3128872.245
686,44690,20000,30000,70000,37410.172,33275,1695804.203,3104906.686
687,44068,20000,30000,70000,37966.452,33275,1700424.86,3105870.121
688,34844,20000,30000,70000,36175.488,33275,1705508.042,3074294.342
689,40751,20000,30000,70000,37930.39,33275,1706961.611,3095013.561
690,39775,23977.5,30000,70000,38004,33275,1716576.539,3102170.112
691,35341,23534.1,30000,70000,38148.272,33275,1711233.933,3080084.128
692,42658,24265.8,30000,70000,37783.616,33275,1721045.496,3106915.574
693,42026.5,24202.65,30000,70000,37994.448,33275,1709530.86,3090296.163
694,36535,23653.5,30000,70000,37382.772,33275,1737486.467,3095930.241
695,44232.5,24423.25,30000,70000,37636.66,33275,1738811.436,3117413.926
696,35944,20000,30000,70000,37408.224,33275,1727528.515,3072917.875
697,46450.5,20000,30000,70000,37187.464,33275,1737778.586,3109412.948
698,51752,20000,30000,70000,36293.168,33275,1736759.624,3117564.719
699,35399.5,20000,30000,70000,37668.03,33275,1740645.783,3073437.957
700,40350,20000,30000,70000,36266.4,33275,1744859.726,3084479.531
701,41459,20000,30000,70000,37518.926,33275,1747395.313,3089708.778
702,39061,20000,30000,70000,38241.48,33275,1744868.444,3078039.055
703,45443.5,20000,30000,70000,38219.476,33275,1746202.363,3094113.037
704,47972,20000,30000,70000,37158.272,33275,1737073.757,3085837.792
705,43105,20000,75260.25,70000,36738.39,33275,1752426.865,3127140.275
706,44225,20000,76436.25,70000,37349.46,33275,1748690.877,3125371.897
707,49236.5,20000,81698.325,70000,38301.594,33275,1749120.03,3144058.496
708,46474,20000,78797.7,70000,37098.408,33275,1757797.039,3134947.212
709,52211.5,20000,84822.075,70000,37852.884,33275,1782513.107,3180317.635
710,44475,20000,76698.75,70000,37347.08,33275,1775273.077,3136917.135
711,41338,20000,73404.9,70000,37343.208,33275,1775237.436,3120229.108
712,47448,20000,79820.4,188620,36758.304,33275,1786044.923,3269003.788
713,41097.5,20000,73152.375,172743.75,37660.472,33275,1795703.742,3234945.271
714,49723,20000,82209.15,194307.5,36613.068,33275,1789074.372,3278552.793
715,37995,20000,69894.75,164987.5,35781.49,33275,1808414.435,3215792.294
716,53800,20000,86490,204500,36887.92,33275,1839198.916,3347709.053
717,42044.5,20000,74146.725,175111.25,35909.514,33275,1836417.296,3262406.435
718,44975,20000,77223.75,182437.5,36852.592,33275,1837584.361,3280213.978
719,38566.5,20000,70494.825,166416.25,36550.09,36602.5,1870645.813,3267975.857
720,49420,24942,30000,70000,37008.48,36602.5,1846928.449,3140739.465
721,39034,23903.4,30000,70000,38321.782,36602.5,1843501.881,3103513.858
722,39088,23908.8,30000,70000,38136.94,36602.5,1886634.568,3142314.701
723,50710,25071,30000,70000,37332.666,36602.5,1863590.256,3149356.787
724,46074,24607.4,30000,70000,36650.664,36602.5,1802685.267,3069291.909
725,37437.5,23743.75,30000,70000,37980.8,36602.5,1804924.146,3042638.258
726,43297,20000,30000,70000,36743.088,36602.5,1797849.106,3043447.244
727,54625,20000,30000,70000,36095.168,36602.5,1803581.715,3077782.105
728,41960,20000,30000,70000,37476.56,36602.5,1815991.094,3050022.347
729,54775,20000,30000,70000,37224.39,36602.5,1810361.366,3077855.772
730,47185,20000,30000,70000,38161.4,36602.5,1871220.657,3112871.925
731,41401.5,20000,30000,70000,38410.886,36602.5,1877438.954,3097867.353
732,53902,20000,30000,70000,36965.712,36602.5,1873703.561,3125798.425
733,37849.5,20000,30000,70000,38477.878,36602.5,1895612.423,3096903.799
734,38635,20000,30000,70000,38305.944,36602.5,1882706.292,3081885.047
735,51917.5,20000,30000,70000,36188.7,36602.5,1904054.939,3137168.318
736,46836,20000,30000,70000,37332.032,36602.5,1901951.61,3116380.784
737,41740.5,20000,30000,70000,37434.856,36602.5,1912435.362,3107469.669
738,51391,20000,30000,70000,38089.956,36602.5,1911149.954,3130992.163
739,37050,20000,30000,70000,36544.584,36602.5,1921517.775,3093675.032
740,53010,20000,30000,70000,38166.64,36602.5,1945680.282,3161812.474
741,48265,20000,30000,70000,36231.81,36602.5,1947875.225,3145052.994
742,45362,20000,30000,70000,37035.644,36602.5,1952100.676,3136549.28
743,50252.5,20000,30000,70000,37550.366,36602.5,1965312.342,3160245.618
744,37672,20000,30000,70000,36480.24,36602.5,1974645.222,3127519.769
745,47035,20000,30000,70000,37683.93,36602.5,1975225.254,3151994.745
746,52693,20000,30000,70000,36699.08,36602.5,1976432.761,3165997.863
747,42679,20000,30000,70000,37271.298,36602.5,2010835.822,3166029.427
748,43858,20000,30000,70000,36416.344,36602.5,2008092.004,3162744.841
749,48036,20000,30000,70000,37521.458,36602.5,2023810.482,3186600.486
750,44725,24472.5,30000,70000,38775,36602.5,2019881.965,3172550.442
751,52670,25267,30000,70000,36065.076,36602.5,2033850.228,3207949.125
752,39580,23958,30000,70000,36909.376,36602.5,2034624.484,3163402.708
753,56575,25657.5,30000,70000,37727.286,36602.5,2045654.827,3222902.257
754,42701,24270.1,30000,70000,36552.26,36602.5,2057119.337,3187443.744
755,43135,24313.5,30000,70000,37462.42,36602.5,2065270.3,3192243.289
756,46972,20000,30000,70000,37189.56,36602.5,2049364.596,3179621.973
757,38328.5,20000,30000,70000,37736.54,36602.5,2066378.896,3165856.165
758,47096,20000,30000,70000,38823.12,36602.5,2093363.111,3214374.758
759,52850.5,20000,30000,70000,36138.792,36602.5,2091929.294,3228421.965
760,47600,20000,30000,70000,37457.12,36602.5,2109098.917,3224365.48
761,42716,20000,30000,70000,36392.4,36602.5,2109285.843,3206560.338
762,53440,20000,30000,70000,37356.348,36602.5,2106993.356,3231829.43
763,45880,20000,30000,70000,37283.598,36602.5,2126750.859,3224506.18
764,45558,20000,30000,70000,37705.704,36602.5,2129285.091,3221444.237
765,42557.5,20000,30000,70000,38644.5,36602.5,2131816.834,3209538.587
766,46443,20000,30000,70000,36848.04,36602.5,2142264.348,3229919.387
767,51489,20000,30000,70000,36832.436,36602.5,2141805.028,3240823.117
768,40036,20000,30000,70000,36451.2,36602.5,2160342.302,3220794.721
769,41626,20000,30000,70000,37125.554,36602.5,2162562.869,3222850.493
770,53230,20000,30000,70000,37592.2,36602.5,2166284.008,3257332.463
771,50600.5,20000,30000,70000,37475.616,36602.5,2167609.474,3246697.813
772,50666,20000,30000,70000,37899.104,36602.5,2183188.746,3257716.304
773,39523,20000,30000,70000,38159.788,36602.5,2180884.948,3216663.986
774,42670,20000,30000,70000,38730.72,36602.5,2198474.87,3238800.263
775,49312.5,20000,30000,70000,36919.2,36602.5,2205032.49,3264910.534
776,39288,20000,30000,70000,37662.224,36602.5,2206312.461,3229932.49
777,46331.5,20000,30000,70000,37457.646,36602.5,2217719.629,3259347.349
778,45224,20000,30000,70000,37930.932,36602.5,2239395.241,3272621.74
779,44503,20000,30000,70000,38216.892,36602.5,2231825.864,3258169.553
780,54310,25431,30000,70000,37293,36602.5,2244769.194,3304676.586
781,57113,25711.3,30000,70000,38131.772,36602.5,2246058.28,3309081.892
782,46629,24662.9,30000,70000,37504.072,36602.5,2257127.291,3284041.624
783,54518.5,25451.85,30000,70000,36982.794,36602.5,2266444.297,3315719.1
784,57332,25733.2,30000,70000,36850.592,36602.5,2260759.837,3315359.643
785,47592.5,24759.25,30000,70000,38925.45,36602.5,2266349.359,3280844.39
786,41758,20000,30000,70000,38172.828,36602.5,2284697.954,3274093.491
787,44565.5,20000,30000,70000,36791.81,36602.5,2279063.009,3276586.511
788,49350,20000,30000,70000,36417.472,36602.5,2286583.892,3295950.362
789,50201.5,20000,30000,70000,36783.822,36602.5,2294537.964,3301633.381
790,48685,20000,30000,70000,38694.74,36602.5,2309649.985,3302892.979
791,58238.5,20000,30000,70000,36410.264,36602.5,2325131.865,3350335.404
792,54352,20000,30000,70000,38032.464,36602.5,2322499.189,3327090.225
793,58782,20000,30000,70000,37999.784,36602.5,2318367.435,3332824.262
794,45755,20000,30000,70000,39269.156,36602.5,2338007.948,3304079.379
795,53365,20000,86033.25,70000,37345.8,36602.5,2323491.871,3370992.044
796,45074,20000,77327.7,70000,38560.184,36602.5,2338915.933,3344099.365
797,55491.5,20000,88266.075,70000,36544.964,36602.5,2366007.35,3416884.321
798,49975,20000,82473.75,70000,38948.772,36602.5,2347430.626,3363664.783
799,57228.5,20000,90089.925,70000,36547.006,36602.5,2384285.451,3434508.891
800,42900,20000,75045,70000,37728,36602.5,2410995.868,3393450.616
801,58172.5,20000,91081.125,70000,39530.298,36602.5,2402042.548,3438284.682
802,47418,20000,79788.9,70000,39258.288,36602.5,2425517.866,3413535.608
803,55908.5,20000,88703.925,70000,39430.432,36602.5,2434404.266,3453238.209
804,54370,20000,87088.5,70000,39181.68,36602.5,2455683.943,3464809.77
805,48802.5,20000,81242.625,70000,36649.3,36602.5,2423027.55,3413782.141
806,42818,20000,74958.9,70000,38770.892,36602.5,2433126.926,3387027.401
807,55379.5,20000,88148.475,70000,39083.592,36602.5,2459708.594,3461025.194
808,51812,20000,84402.6,70000,38632.672,36602.5,2461624.249,3445525.709
809,55112,20000,87867.6,70000,38805.156,40262.75,2484785.574,3478066.938
810,56395,25639.5,30000,70000,38506.62,40262.75,2478837.923,3420891.555
811,53626,25362.6,30000,70000,37504.994,40262.75,2498114.154,3431165.804
812,48414,24841.4,30000,70000,39456.552,40262.75,2488208.577,3392720.589
813,57823,25782.3,30000,70000,39305.598,40262.75,2504747.174,3435776.184
814,45684,24568.4,30000,70000,39509.148,40262.75,2459995.358,3347169.023
815,40850,24085,30000,70000,37188.3,40262.75,2462174.647,3339366.853
816,48244,20000,30000,70000,37273.824,40262.75,2472312.589,3363930.367
817,53613.5,20000,30000,70000,36753.322,40262.75,2486261.506,3392723.235
818,45499,20000,30000,70000,38875.3,40262.75,2501503.718,3369459.091
819,50059,20000,30000,70000,37551.18,40262.75,2516764.513,3400572.965
820,53810,20000,30000,70000,37604.68,40262.75,2512361.752,3403514.133
821,46486.5,20000,30000,70000,37528.57,40262.75,2498329.429,3362924.829
822,52708,20000,30000,70000,37167.84,40262.75,2516691.098,3398232.586
823,48245.5,20000,30000,70000,39576.428,40262.75,2525093.693,3377456.88
824,48716,20000,30000,70000,39032.688,40262.75,2517250.488,3369423.631
825,51662.5,20000,30000,70000,36883.8,40262.75,2534102.338,3401527.2
826,41813,20000,30000,70000,37683.452,40262.75,2528020.359,3356758.79
827,52201,20000,30000,70000,39775.14,40262.75,2554502.254,3401404.859
828,62200,20000,30000,70000,37026.408,40262.75,2531619.819,3419159.25
829,57301,20000,30000,70000,37802.548,40262.75,2550894.351,3415186.162
830,46580,20000,30000,70000,38945.74,40262.75,2562142.072,3382987.218
831,61178.5,20000,30000,70000,38840.178,40262.75,2559942.408,3422923.148
832,47108,20000,30000,70000,39954.048,40262.75,2567094.099,3376055.432
833,56744,20000,30000,70000,38659.868,40262.75,2578000.907,3419749.332
834,52225,20000,30000,70000,36953.892,40262.75,2572121.242,3404563.066
835,48947.5,20000,30000,70000,39295.22,40262.75,2595926.332,3401552.551
836,54440,20000,30000,70000,38465.336,40262.75,2583158.054,3406374.482
837,55760.5,20000,30000,70000,38411.85,40262.75,2605004.249,3428575.346
838,62112,20000,30000,70000,36819.644,40262.75,2625409.059,3473665.538
839,51279,20000,30000,70000,39351.494,40262.75,2599411.053,3395487.774
840,56380,25638,30000,70000,39285.36,40262.75,2631006.809,3445050.121
841,55606,25560.6,30000,70000,37639.644,40262.75,2625469.249,3442233.028
842,48094,24809.4,30000,70000,37673.988,40262.75,2613407.195,3401514.462
843,53630.5,25363.05,30000,70000,38607.03,40262.75,2621105.286,3417845.859
844,52850,25285,30000,70000,38750.592,40262.75,2643311.038,3432632.349
845,44885,24488.5,30000,70000,36815.77,40262.75,2654975.158,3425697.232
846,62281,20000,30000,70000,38710.416,40262.75,2664652.709,3470709.805
847,49649.5,20000,30000,70000,38287.048,40262.75,2643096.222,3407722.744
848,54796,20000,30000,70000,39202.496,40262.75,2687350.213,3458747.134
849,59105.5,20000,30000,70000,37308.192,40262.75,2687456.321,3480106.345
850,49825,20000,30000,70000,39807.3,40262.75,2666927.187,3410828.175
851,58819,20000,30000,70000,39886.918,40262.75,2685239.115,3453162.829
852,47386,20000,30000,70000,37134.648,40262.75,2685806.856,3430751.29
853,52133,20000,30000,70000,38164.916,40262.75,2694387.091,3444028.214
854,42800,20000,30000,70000,39014.824,40262.75,2703088.314,3413745.746
855,58240,20000,30000,70000,40008.63,40262.75,2708982.897,3458401.929
856,61304,20000,30000,70000,40119.632,40262.75,2717919.325,3472427.616
857,63946.5,20000,30000,70000,36897.136,40262.75,2686550.566,3466706.03
858,63163,20000,30000,70000,38583.432,40262.75,2727197.457,3489968.63
859,47774.5,20000,30000,70000,39289.226,40262.75,2727341.71,3432547.996
860,50840,20000,30000,70000,38307.6,40262.75,2716855.53,3434592.047
861,58648,20000,30000,70000,39577.764,40262.75,2731829.743,3462089.498
862,57423,20000,30000,70000,38313.128,40262.75,2714760.473,3445941.359
863,51448.5,20000,30000,70000,39729.462,40262.75,2737046.742,3435647.631
864,61876,20000,30000,70000,37119.36,40262.75,2745531.105,3491790.568
865,53730,20000,30000,70000,37572.21,40262.75,2745402.999,3458813.744
866,61153,20000,30000,70000,39862.008,40262.75,2743742.472,3461104.642
867,60356.5,20000,30000,70000,37249.854,40262.75,2761725.787,3491362.533
868,47840,20000,30000,70000,37546.392,40262.75,2767226.201,3451056.93
869,60930,20000,30000,70000,40054.33,40262.75,2783204.296,3487285.856
870,53605,25360.5,30000,70000,39512.58,40262.75,2785573.833,3471759.541
871,54102,25410.2,30000,70000,39934.626,40262.75,2779407.19,3460475.241
872,61140,26114,30000,70000,37446.88,40262.75,2770398.428,3489434.038
873,48115,24811.5,30000,70000,37078.284,40262.75,2775589.733,3450707.166
874,58221,25822.1,30000,70000,37177.288,40262.75,2780587.639,3484946.601
875,45162.5,24516.25,30000,70000,39747.5,40262.75,2783672.626,3421895.015
876,45214,20000,30000,70000,37864.728,40262.75,2790146.802,3434680.697
877,57982,20000,30000,70000,38385.874,40262.75,2808491.407,3486631.9
878,57170,20000,30000,70000,37496.364,40262.75,2815067.691,3493934.492
879,53719,20000,30000,70000,39109.956,40262.75,2804660.33,3456469.838
880,49380,20000,30000,70000,39217.12,40262.75,2815447.164,3448914.515
881,47233.5,20000,30000,70000,38381.834,40262.75,2826907.575,3456488.522
882,63163,20000,30000,70000,38834.112,40262.75,2824265.91,3498211.475
883,50872.5,20000,30000,70000,37207.046,40262.75,2830119.722,3473870.768
884,59770,20000,30000,70000,37788.04,40262.75,2825870.621,3490336.341
885,63820,20000,97011,70000,39273.03,40262.75,2830345.818,3559568.36
886,63892,20000,97086.6,70000,40040.152,40262.75,2855592.527,3575464.285
887,54650.5,20000,87383.025,70000,39043.852,40262.75,2854940.451,3539870.378
888,57820,20000,90711,70000,38137.632,40262.75,2844723.193,3547256.767
889,47217,20000,79577.85,70000,39201.15,40262.75,2874326.198,3519243.272
890,62845,20000,95987.25,70000,40437.92,40262.75,2862590.287,3560846.998
891,48659.5,20000,81092.475,70000,37502.22,40262.75,2884851.804,3543327.16
892,49606,20000,82086.3,194015,39844.112,40262.75,2898196.132,3661729.275
893,52787,20000,85426.35,201967.5,39276.484,40262.75,2935251.142,3721774.835
894,46141,20000,78448.05,185352.5,37491.72,40262.75,2897881.486,3651046.363
895,48877.5,20000,81321.375,192193.75,39449.41,40262.75,2890127.548,3641829.415
896,66852,20000,100194.6,237130,38356.096,40262.75,3031084.069,3911032.669
897,51677.5,20000,84261.375,199193.75,40733.502,40262.75,2994715.285,3747567.958
898,47245,20000,79607.25,188112.5,38599.248,40262.75,3050386.551,3788251.898
899,60333,20000,93349.65,220832.5,38391.266,44289.025,3052539.472,3877928.458
900,65800,26580,30000,70000,38703,44289.025,3023625.376,3652804.689
901,67675,26767.5,30000,70000,38822.592,44289.025,3075234.389,3706229.543
902,65044,26504.4,30000,70000,38370.56,44289.025,3058184.913,3681257.796
903,48410.5,24841.05,30000,70000,37301.658,44289.025,3070639.159,3645248.737
904,45752,24575.2,30000,70000,37340.48,44289.025,2953278.32,3515544.381
905,49422.5,24942.25,30000,70000,39786.67,44289.025,2946107.903,3495076.748
906,49477,20000,30000,70000,40623.756,44289.025,2951059.115,3484291.221
907,50892,20000,30000,70000,39436.428,44289.025,2938201.685,3483450.131
908,64568,20000,30000,70000,39474.072,44289.025,2913303.431,3498658.604
909,50095,20000,30000,70000,37890.12,44289.025,2912029.763,3462404.908
910,54700,20000,30000,70000,39806.16,44289.025,2935631.083,3479704.881
911,52482.5,20000,30000,70000,38822.124,44289.025,2944307.959,3487159.818
912,47068,20000,30000,70000,40944,44289.025,2960330.555,3462619.915
913,48945.5,20000,30000,70000,40327.856,44289.025,2958890.561,3469652.067
914,56768,20000,30000,70000,37895.132,44289.025,2930716.551,3486339.215
915,45850,20000,30000,70000,39371.43,44289.025,2942832.492,3446120.478
916,57808,20000,30000,70000,40779.488,44289.025,2929819.294,3454741.795
917,47784,20000,30000,70000,39417.59,44289.025,2942756.184,3445261.666
918,68950,20000,30000,70000,40270.584,44289.025,2970067.892,3529098.333
919,46509.5,20000,30000,70000,37544.99,44289.025,2982311.997,3492403.381
920,59900,20000,30000,70000,37875.2,44289.025,2969501.013,3516285.075
921,61807,20000,30000,70000,39867.594,44289.025,2974204.004,3504407.404
922,53576,20000,30000,70000,39046.664,44289.025,2979459.477,3488012.585
923,67479,20000,30000,70000,39750.572,44289.025,2979246.607,3522413.065
924,59698,20000,30000,70000,37610.064,44289.025,2970372.031,3506558.802
925,56525,20000,30000,70000,39492.35,44289.025,2978849.474,3482863.273
926,51956,20000,30000,70000,39078.504,44289.025,2993671.05,3483907.346
927,60355,20000,30000,70000,37944.39,44289.025,3005878.576,3531495.255
928,60884,20000,30000,70000,39673.472,44289.025,2968225.09,3474920.077
929,64665.5,20000,30000,70000,39349.456,44289.025,3005305.298,3524347.445
930,55900,25590,30000,70000,38130.06,44289.025,3020460.356,3526102.032
931,69925,26992.5,30000,70000,38609.888,44289.025,2981629.754,3526003.929
932,57418,25741.8,30000,70000,38984.48,44289.025,3021371.926,3517108.452
933,68209,26820.9,30000,70000,40287.258,44289.025,2999693.199,3514832.114
934,46800,24680,30000,70000,39608.992,44289.025,3017131.29,3464766.611
935,66017.5,26601.75,30000,70000,40767.46,44289.025,3010875.668,3507449.805
936,50176,20000,30000,70000,38482.032,44289.025,3026464.084,3485981.731
937,52572,20000,30000,70000,39988.42,44289.025,3001662.607,3450049.196
938,59663,20000,30000,70000,40982.104,44289.025,3000449.319,3458241.724
939,52684,20000,30000,70000,38700.774,44289.025,3027851.879,3484156.65
940,59790,20000,30000,70000,38183.64,44289.025,3038500.216,3520396.074
941,49502.5,20000,30000,70000,37678.56,44289.025,3031010.889,3481990.595
942,58033,20000,30000,70000,37950.48,44289.025,3031700.809,3504550.276
943,65638.5,20000,30000,70000,40371.114,44289.025,3046883.487,3515419.582
944,59100,20000,30000,70000,38197.696,44289.025,3027582.354,3495460.123
945,47822.5,20000,30000,70000,40223.01,44289.025,3037379.77,3443699.751
946,49292,20000,30000,70000,37919.912,44289.025,3042754.206,3476066.231
947,67810.5,20000,30000,70000,38290.038,44289.025,3035688.945,3522371.167
948,70252,20000,30000,70000,39032.544,44289.025,3045922.363,3529586.292
949,64157.5,20000,30000,70000,41126.076,44289.025,3027522.222,3465416.436
950,70875,20000,30000,70000,41316.4,44289.025,3026968.904,3481760.067
951,58586.5,20000,30000,70000,41250.33,44289.025,3039170.789,3451806.322
952,53888,20000,30000,70000,40898.496,44289.025,3058200.215,3456610.566
953,66333.5,20000,30000,70000,37928.96,44289.025,3043737.654,3513212.252
954,70696,20000,30000,70000,41095.02,44289.025,3062249.649,3507683.406
955,58355,20000,30000,70000,39458.32,44289.025,3065360.77,3486254.664
956,67498,20000,30000,70000,40646.016,44289.025,3070149.858,3504756.78
957,58477,20000,30000,70000,37910.562,44289.025,3067210.145,3500777.212
958,65244,20000,30000,70000,40585.9,44289.025,3034770.473,3457348.438
959,65312,20000,30000,70000,38245.482,44289.025,3074450.652,3521411.192
960,70660,27066,30000,70000,40151.04,44289.025,3051422.387,3498512.577
961,62565,26256.5,30000,70000,38427.97,44289.025,3066347.985,3503454.398
962,70807,27080.7,30000,70000,40587.772,44289.025,3077736.305,3515157.245
963,63658,26365.8,30000,70000,41473.182,44289.025,3066336.825,3466833.136
964,53602,25360.2,30000,70000,38342.456,44289.025,3067264.949,3467742.281
965,63790,26379,30000,70000,38955.2,44289.025,3076217.361,3501496.292
966,50815,20000,30000,70000,37755.048,44289.025,3106050.431,3494104.934
967,61021,20000,30000,70000,38668.188,44289.025,3074724.292,3483130.49
968,59148,20000,30000,70000,37784.656,44289.025,3073820.777,3484157.554
969,71806,20000,30000,70000,39176.43,44289.025,3070795.93,3503868.436
970,63635,20000,30000,70000,39071.44,44289.025,3056139.603,3461339.776
971,72925,20000,30000,70000,40789.752,44289.025,3078430.428,3491351.262
972,55990,20000,30000,70000,38884.08,44289.025,3089092.03,3466864.668
973,58480,20000,30000,70000,41092.2,44289.025,3080429.908,3437660.483
974,52209,20000,30000,70000,40982.824,44289.025,3070224.174,3405861.98
975,71275,20000,104838.75,70000,39853.35,44289.025,3068223.756,3552679.426
976,59148,20000,92105.4,70000,41069.792,44289.025,3064922.821,3479865.764
977,55300.5,20000,88065.525,70000,38216.57,44289.025,3100009.561,3530634.014
978,55846,20000,88638.3,70000,40034.28,44289.025,3069462.879,3478216.43
979,57371.5,20000,90240.075,70000,39257.424,44289.025,3143451.053,3566139.85
980,67230,20000,100591.5,70000,41497.36,44289.025,3159647.701,3595604.744
981,66808,20000,100148.4,70000,38330.652,44289.025,3150544.076,3621370.803
982,61966,20000,95064.3,70000,41039.644,44289.025,3112803.018,3527221.065
983,70384.5,20000,103903.725,70000,41005.668,44289.025,3161877.773,3611172.059
984,69472,20000,102945.6,70000,38588.352,44289.025,3149815.744,3622980.499
985,53782.5,20000,86471.625,70000,41682.1,44289.025,3158452.415,3523037.9
986,53837,20000,86528.85,70000,40433.852,44289.025,3169504.05,3547772.977
987,62281,20000,95395.05,70000,37903.896,44289.025,3154307.027,3598839.595
988,61850,20000,94942.5,70000,41557.624,44289.025,3135899.682,3530912.378
989,59934.5,20000,92931.225,70000,40151.096,48717.9275,3187191.078,3589498.994
990,58510,25851,30000,70000,40735.56,48717.9275,3125864.072,3457175.391
991,70956.5,27095.65,30000,70000,41689.836,48717.9275,3136601.125,3495331.639
992,58628,25862.8,30000,70000,38491.52,48717.9275,3132577.364,3488739.487
993,67624,26762.4,30000,70000,41256.648,48717.9275,3183534.08,3532725.658
994,50297,25029.7,30000,70000,40603.992,48717.9275,3124608.418,3422440.856
995,52835,25283.5,30000,70000,41649.46,48717.9275,3155627.475,3446676.851
996,56872,20000,30000,70000,37981.944,48717.9275,3120680.503,3464431.098
997,51445.5,20000,30000,70000,39820.45,48717.9275,3118041.832,3418892.47
998,65968,20000,30000,70000,39526.908,48717.9275,3116870.179,3466625.058
999,60040,20000,30000,70000,40613.376,48717.9275,3106717.327,3421488.717
1000,51600,20000,30000,70000,40080,48717.9275,3113357.234,3405850.431
1001,62162,20000,30000,70000,40592.582,48717.9275,3112574.898,3430817.812
1002,60721,20000,30000,70000,38517,48717.9275,3131263.015,3469938.653
1003,52757.5,20000,30000,70000,39037.03,48717.9275,3112906.77,3417283.607
1004,68372,20000,30000,70000,38086.216,48717.9275,3115473.777,3481089.037
1005,62410,20000,30000,70000,39529.41,48717.9275,3092810.679,3418556.733
1006,63981,20000,30000,70000,40275.284,48717.9275,3099394.068,3418737.039
1007,59513,20000,30000,70000,38404.422,48717.9275,3110949.783,3438597.995
1008,61084,20000,30000,70000,38289.792,48717.9275,3108894.933,3441464.748
1009,60640,20000,30000,70000,40620.734,48717.9275,3134326.092,3433073.759
1010,58680,20000,30000,70000,39073.84,48717.9275,3134682.225,3445771.319
1011,52166.5,20000,30000,70000,40091.802,48717.9275,3143673.949,3418471.191
1012,71446,20000,30000,70000,40455.984,48717.9275,3115437.756,3446326.775
1013,54295.5,20000,30000,70000,41469.186,48717.9275,3111611.301,3371639.784
1014,57391,20000,30000,70000,39152.364,48717.9275,3100884.045,3400123.786
1015,62015,20000,30000,70000,38929.97,48717.9275,3135716.86,3451325.912
1016,70204,20000,30000,70000,38879.84,48717.9275,3085836.52,3427132.919
1017,62645.5,20000,30000,70000,40092.708,48717.9275,3120311.791,3419183.066
1018,57617,20000,30000,70000,39909.212,48717.9275,3126146.267,3409509.86
1019,60221,20000,30000,70000,39627.512,48717.9275,3133814.631,3427840.21
1020,52120,25212,30000,70000,41519.88,48717.9275,3100663.818,3346438.123
1021,53192,25319.2,30000,70000,39897.574,48717.9275,3139758.186,3409426.232
1022,60909,26090.9,30000,70000,40620.624,48717.9275,3116410.123,3400622.671
1023,62503,26250.3,30000,70000,39423.876,48717.9275,3102611.785,3406843.692
1024,55908,25590.8,30000,70000,41466.752,48717.9275,3116262.46,3369067.793
1025,56987.5,25698.75,30000,70000,40619,48717.9275,3111108.607,3377520.996
1026,52939,20000,30000,70000,39913.212,48717.9275,3130994.797,3386617.436
1027,54017.5,20000,30000,70000,42167.896,48717.9275,3122684.487,3349514.14
1028,59210,20000,30000,70000,40639.8,48717.9275,3121878.092,3385029.699
1029,76760.5,20000,30000,70000,42348,48717.9275,3110868.167,3406357.051
1030,68595,20000,30000,70000,39346.22,48717.9275,3122299.454,3430913.082
1031,64537.5,20000,30000,70000,39528.502,48717.9275,3105236.415,3396699.117
1032,56860,20000,30000,70000,39905.136,48717.9275,3120815.057,3380633.977
1033,69827.5,20000,30000,70000,39840.358,48717.9275,3124367.449,3426028.465
1034,67310,20000,30000,70000,41872.388,48717.9275,3131169.866,3395133.193
1035,61682.5,20000,30000,70000,39066.6,48717.9275,3111045.323,3394133.793
1036,65886,20000,30000,70000,39699.032,48717.9275,3127152.805,3413886.351
1037,64394,20000,30000,70000,40208.228,48717.9275,3131072.918,3404552.11
1038,64975,20000,30000,70000,38306.076,48717.9275,3124578.538,3425166.253
1039,55167,20000,30000,70000,39024.754,48717.9275,3101485.689,3358758.685
1040,60940,20000,30000,70000,42057.76,48717.9275,3116928.196,3349463.871
1041,73490.5,20000,30000,70000,38417.526,48717.9275,3118588.834,3441860.015
1042,62099,20000,30000,70000,40265.784,48717.9275,3128452.008,3387393.994
1043,61115.5,20000,30000,70000,41145.498,48717.9275,3110816.158,3353009.457
1044,76834,20000,30000,70000,39239.4,48717.9275,3087189.257,3406453.141
1045,55485,20000,30000,70000,38374.63,48717.9275,3098752.891,3359218.08
1046,69659,20000,30000,70000,41386.756,48717.9275,3086999.036,3350313.489
1047,78101.5,20000,30000,70000,39098.43,48717.9275,3096755.031,3418941.604
1048,78176,20000,30000,70000,40035.648,48717.9275,3102265.508,3410419.495
1049,75628,20000,30000,70000,41612.43,48717.9275,3128872.245,3405330.487
1050,76750,27675,30000,70000,39485.7,48717.9275,3104906.686,3421868.016
1051,66838.5,26683.85,30000,70000,39440.082,48717.9275,3105870.121,3389057.801
1052,66376,26637.6,30000,70000,38891.504,48717.9275,3074294.342,3362796.57
1053,58541.5,25854.15,30000,70000,39538.074,48717.9275,3095013.561,3346947.381
1054,57543,25754.3,30000,70000,38725.012,48717.9275,3102170.112,3361448.032
1055,56542.5,25654.25,30000,70000,41780.13,48717.9275,3080084.128,3291508.986
1056,62932,20000,30000,70000,39271.68,48717.9275,3106915.574,3368653.835
1057,66162.5,20000,30000,70000,42546.59,48717.9275,3090296.163,3314951.364
1058,65167,20000,30000,70000,42459.008,48717.9275,3095930.241,3317757.993
1059,58874.5,20000,30000,70000,41981.526,48717.9275,3117413.926,3324656.535
1060,57870,20000,30000,70000,42094.6,48717.9275,3072917.875,3274485.327
1061,62699,20000,30000,70000,38948.474,48717.9275,3109412.948,3371384.302
1062,57979,20000,30000,70000,39921.204,48717.9275,3117564.719,3349381.158
1063,73447,20000,30000,70000,38525.26,48717.9275,3073437.957,3375565.86
1064,67132,20000,30000,70000,38707.776,48717.9275,3084479.531,3362656.136
1065,64000,20000,97200,70000,41825.76,48717.9275,3089708.778,3379168.19
1066,54999,20000,87748.95,70000,42269.66,48717.9275,3078039.055,3321470.07
1067,66254,20000,99566.7,70000,40966.626,48717.9275,3094113.037,3404680.662
1068,68452,20000,101874.6,70000,39990.072,48717.9275,3085837.792,3419604.147
1069,67447,20000,100819.35,70000,41974.938,48717.9275,3127140.275,3427269.68
1070,67510,20000,100885.5,70000,41160.1,48717.9275,3125371.897,3437160.242
1071,54185.5,20000,86894.775,70000,41288.34,48717.9275,3144058.496,3395745.604
1072,77820,20000,111711,264550,41757.696,48717.9275,3134947.212,3676513.344
1073,73600.5,20000,107280.525,254001.25,40684.934,48717.9275,3180317.635,3708295.182
1074,80650,20000,114682.5,271625,42138.348,48717.9275,3136917.135,3691579.67
1075,62450,20000,95572.5,226125,42689.3,48717.9275,3120229.108,3542014.789
1076,54976,20000,87724.8,207440,38956.624,48717.9275,3269003.788,3693924.495
1077,79259.5,20000,113222.475,268148.75,40841.082,48717.9275,3234945.271,3798205.053
1078,80411,20000,114431.55,271027.5,41763.136,48717.9275,3278552.793,3835961.588
1079,66998,20000,100347.9,237495,38763.638,53589.72025,3215792.294,3724610.956
1080,67060,26706,30000,70000,40225.44,53589.72025,3347709.053,3603984.657
1081,63879,26387.9,30000,70000,38727.994,53589.72025,3262406.435,3529986.844
1082,68807,26880.7,30000,70000,39551.896,53589.72025,3280213.978,3551904.059
1083,67246,26724.6,30000,70000,42543.306,53589.72025,3267975.857,3490391.282
1084,72186,27218.6,30000,70000,40853.008,53589.72025,3140739.465,3404307.228
1085,73337.5,27333.75,30000,70000,42813.85,53589.72025,3103513.858,3341943.198
1086,63631,20000,30000,70000,40807.872,53589.72025,3142314.701,3371715.217
1087,80538,20000,30000,70000,39437.334,53589.72025,3149356.787,3453330.05
1088,71364,20000,30000,70000,41471.872,53589.72025,3069291.909,3313731.005
1089,73607.5,20000,30000,70000,39822.78,53589.72025,3042638.258,3318677.874
1090,67135,20000,30000,70000,42351.88,53589.72025,3043447.244,3261311.616
1091,60650.5,20000,30000,70000,39155.672,53589.72025,3077782.105,3322121.357
1092,63436,20000,30000,70000,39157.512,53589.72025,3050022.347,3303387.507
1093,66773,20000,30000,70000,40628.332,53589.72025,3077855.772,3320274.955
1094,67928,20000,30000,70000,41007.828,53589.72025,3112871.925,3353495.407
1095,71275,20000,30000,70000,42680.1,53589.72025,3097867.353,3324583.74
1096,80656,20000,30000,70000,40938.08,53589.72025,3125798.425,3408712.878
1097,76341.5,20000,30000,70000,42619.888,53589.72025,3096903.799,3341110.311
1098,60490,20000,30000,70000,40896.552,53589.72025,3081885.047,3300818.037
1099,78129,20000,30000,70000,42807.746,53589.72025,3137168.318,3384691.298
1100,57300,20000,30000,70000,42216.6,53589.72025,3116380.784,3305796.629
1101,71665,20000,30000,70000,40265.724,53589.72025,3107469.669,3372420.362
1102,59608,20000,30000,70000,41575.408,53589.72025,3130992.163,3337833.205
1103,73449.5,20000,30000,70000,42761.71,53589.72025,3093675.032,3327695.461
1104,77932,20000,30000,70000,39158.784,53589.72025,3161812.474,3464248.551
1105,68057.5,20000,30000,70000,40422.36,53589.72025,3145052.994,3397114.854
1106,70884,20000,30000,70000,39841.188,53589.72025,3136549.28,3406696.768
1107,64306,20000,30000,70000,40999.152,53589.72025,3160245.618,3392221.735
1108,74890,20000,30000,70000,40082.8,53589.72025,3127519.769,3407633.358
1109,71630.5,20000,30000,70000,39326.69,53589.72025,3151994.745,3433239.671
1110,68920,26892,30000,70000,40531.68,53589.72025,3165997.863,3427752.402
1111,81758.5,28175.85,30000,70000,41854.37,53589.72025,3166029.427,3451080.951
1112,75716,27571.6,30000,70000,42069.648,53589.72025,3162744.841,3424864.05
1113,78566.5,27856.65,30000,70000,39157.764,53589.72025,3186600.486,3502149.97
1114,63598,26359.8,30000,70000,39177.132,53589.72025,3172550.442,3438438.306
1115,68115,26811.5,30000,70000,39689.35,53589.72025,3207949.125,3481631.217
1116,60922,20000,30000,70000,41345.256,53589.72025,3163402.708,3382716.719
1117,72146.5,20000,30000,70000,43147.09,53589.72025,3222902.257,3451917.17
1118,77801,20000,30000,70000,38952.944,53589.72025,3187443.744,3497988.144
1119,57169,20000,30000,70000,43356.384,53589.72025,3192243.289,3370715.383
1120,61700,20000,30000,70000,41650.24,53589.72025,3179621.973,3398774.797
1121,75207,20000,30000,70000,41389.36,53589.72025,3165856.165,3433042.432
1122,58444,20000,30000,70000,39844.428,53589.72025,3214374.758,3451118.147
1123,83202,20000,30000,70000,43008.832,53589.72025,3228421.965,3498234.503
1124,59110,20000,30000,70000,40635.288,53589.72025,3224365.48,3452515.183
1125,75475,20000,30000,70000,39405,53589.72025,3206560.338,3506594.004
1126,83424,20000,30000,70000,40235.34,53589.72025,3231829.43,3545693.178
1127,67156.5,20000,30000,70000,39937.886,53589.72025,3224506.18,3490898.976
1128,84700,20000,30000,70000,40720.512,53589.72025,3221444.237,3533415.741
1129,66146.5,20000,30000,70000,41052.91,53589.72025,3209538.587,3457235.29
1130,71290,20000,30000,70000,40337.24,53589.72025,3229919.387,3505641.392
1131,82663,20000,30000,70000,40805.574,53589.72025,3240823.117,3546967.079
1132,58964,20000,30000,70000,41342.64,53589.72025,3220794.721,3443008.589
1133,65247.5,20000,30000,70000,43031.766,53589.72025,3222850.493,3440772.16
1134,69841,20000,30000,70000,42378.744,53589.72025,3257332.463,3500648.734
1135,63092.5,20000,30000,70000,41817.62,53589.72025,3246697.813,3477390.057
1136,80188,20000,30000,70000,43277.568,53589.72025,3257716.304,3522580.81
1137,76279,20000,30000,70000,42768.51,53589.72025,3216663.986,3477348.218
1138,70087,20000,30000,70000,42759.256,53589.72025,3238800.263,3480450.257
1139,82108,20000,30000,70000,39861.462,53589.72025,3264910.534,3589735.029
1140,73060,27306,30000,70000,40159.68,53589.72025,3229932.49,3529225.871
1141,73694.5,27369.45,30000,70000,41553.766,53589.72025,3259347.349,3540779.509
1142,78327,27832.7,30000,70000,43503.008,53589.72025,3272621.74,3541237.182
1143,80681.5,28068.15,30000,70000,39390.888,53589.72025,3258169.553,3597205.294
1144,83612,28361.2,30000,70000,42570.272,53589.72025,3304676.586,3606857.191
1145,61930,26193,30000,70000,41083.6,53589.72025,3309081.892,3562244.672
1146,84331,20000,30000,70000,39846.432,53589.72025,3284041.624,3623036.371
1147,68346.5,20000,30000,70000,39795.38,53589.72025,3315719.1,3604836.199
1148,77590,20000,30000,70000,39645.496,53589.72025,3315359.643,3637716.126
1149,58699,20000,30000,70000,43447.896,53589.72025,3280844.39,3486331.33
1150,81175,20000,30000,70000,41962.3,53589.72025,3274093.491,3575677.72
1151,76066,20000,30000,70000,43349.298,53589.72025,3276586.511,3542096.149
1152,58852,20000,30000,70000,43651.2,53589.72025,3295950.362,3502470.209
1153,61785.5,20000,30000,70000,43134.976,53589.72025,3301633.381,3526608.284
1154,61262,20000,30000,70000,42400.884,53589.72025,3302892.979,3538413.333
1155,72865,20000,106508.25,70000,42882.87,53589.72025,3350335.404,3694025.402
1156,72350,20000,105967.5,70000,43795.704,53589.72025,3327090.225,3656292.698
1157,66049,20000,99351.45,70000,41141.91,53589.72025,3332824.262,3675966.393
1158,62632,20000,95763.6,70000,43173.408,53589.72025,3304079.379,3603678.358
1159,77753,20000,111640.65,70000,42973.846,53589.72025,3370992.044,3739815.113
1160,81300,20000,115365,70000,42818,53589.72025,3344099.365,3731909.306
1161,73823.5,20000,107514.675,70000,41384.766,53589.72025,3416884.321,3795464.732
1162,58781,20000,91720.05,70000,42233.536,53589.72025,3363664.783,3666635.53
1163,63483.5,20000,96657.675,70000,42862.78,53589.72025,3434508.891,3749826.877
1164,58882,20000,91826.1,70000,40373.568,53589.72025,3393450.616,3727610.8
1165,70582.5,20000,104111.625,70000,39434.17,53589.72025,3438284.682,3838150.524
1166,74724,20000,108460.2,70000,42012.132,53589.72025,3413535.608,3794499.535
1167,85291,20000,119555.55,70000,41567.304,53589.72025,3453238.209,3887770.452
1168,63172,20000,96330.6,70000,41869.216,53589.72025,3464809.77,3801710.526
1169,69071,20000,102524.55,70000,39445.52,58948.69228,3413782.141,3812795.476
1170,70300,27030,30000,70000,41246.04,58948.69228,3387027.401,3699476.949
1171,70945.5,27094.55,30000,70000,40613.944,58948.69228,3461025.194,3786693.096
1172,79210,27921,30000,70000,43067.8,58948.69228,3445525.709,3763545.852
1173,77518,27751.8,30000,70000,42518.256,58948.69228,3478066.938,3800553.143
1174,62322,26232.2,30000,70000,40770.276,58948.69228,3420891.555,3721682.856
1175,86462.5,28646.25,30000,70000,42852.15,58948.69228,3431165.804,3781540.65
1176,60076,20000,30000,70000,39831.36,58948.69228,3392720.589,3697819.689
1177,72485.5,20000,30000,70000,42864.61,58948.69228,3435776.184,3737175.634
1178,60767,20000,30000,70000,41353.564,58948.69228,3347169.023,3635884.004
1179,72019,20000,30000,70000,41731.05,58948.69228,3339366.853,3659943.829
1180,88010,20000,30000,70000,39480.12,58948.69228,3363930.367,3769961.594
1181,75684,20000,30000,70000,43857.854,58948.69228,3392723.235,3697651.207
1182,86386,20000,30000,70000,42550.476,58948.69228,3369459.091,3729359.048
1183,76995,20000,30000,70000,40280.27,58948.69228,3400572.965,3766272.051
1184,62852,20000,30000,70000,42223.616,58948.69228,3403514.133,3698290.167
1185,86605,20000,30000,70000,43381.02,58948.69228,3362924.829,3717701.376
1186,78969,20000,30000,70000,43947.36,58948.69228,3398232.586,3722848.904
1187,62417.5,20000,30000,70000,40072.882,58948.69228,3377456.88,3708740.459
1188,73756,20000,30000,70000,40867.824,58948.69228,3369423.631,3726980.92
1189,86302.5,20000,30000,70000,41219.404,58948.69228,3401527.2,3795668.937
1190,83400,20000,30000,70000,41828.6,58948.69228,3356758.79,3735106.849
1191,75133,20000,30000,70000,42622.218,58948.69228,3401404.859,3744417.54
1192,69236,20000,30000,70000,40413.312,58948.69228,3419159.25,3777985.71
1193,76452,20000,30000,70000,42679.204,58948.69228,3415186.162,3766100.893
1194,60397,20000,30000,70000,43613.988,58948.69228,3382987.218,3672095.276
1195,62240,20000,30000,70000,41113.5,58948.69228,3422923.148,3756413.228
1196,85614,20000,30000,70000,40046.4,58948.69228,3376055.432,3800927.723
1197,76708,20000,30000,70000,41182.374,58948.69228,3419749.332,3802474.404
1198,77371,20000,30000,70000,40125.496,58948.69228,3404563.066,3806996.092
1199,76236.5,20000,30000,70000,41047.586,58948.69228,3401552.551,3789467.869
1200,88900,28890,30000,70000,41587.2,58948.69228,3406374.482,3837671.099
1201,81768,28176.8,30000,70000,44402.392,58948.69228,3428575.346,3798596.486
1202,88447,28844.7,30000,70000,42229.148,58948.69228,3473665.538,3899096.239
1203,67468,26746.8,30000,70000,39679.338,58948.69228,3395487.774,3791809.306
1204,77758,27775.8,30000,70000,39957.08,58948.69228,3445050.121,3873240.494
1205,76617.5,27661.75,30000,70000,43148.96,58948.69228,3442233.028,3823447.564
1206,85123,20000,30000,70000,40960.128,58948.69228,3401514.462,3835661.504
1207,87607.5,20000,30000,70000,42808.684,58948.69228,3417845.859,3835893.748
1208,61708,20000,30000,70000,44295.472,58948.69228,3432632.349,3750449.358
1209,80498.5,20000,30000,70000,44191.242,58948.69228,3425697.232,3806735.529
1210,71490,20000,30000,70000,40635.9,58948.69228,3470709.805,3876544.469
1211,87292,20000,30000,70000,40305.61,58948.69228,3407722.744,3870529.384
1212,81910,20000,30000,70000,43901.64,58948.69228,3458747.134,3856123.594
1213,67421.5,20000,30000,70000,39997.546,58948.69228,3480106.345,3889794.514
1214,84473,20000,30000,70000,43776.472,58948.69228,3410828.175,3823290.628
1215,79682.5,20000,30000,70000,43950.63,58948.69228,3453162.829,3850724.507
1216,62116,20000,30000,70000,44173.696,58948.69228,3430751.29,3772524.638
1217,68252,20000,30000,70000,39967.23,58948.69228,3444028.214,3867045.372
1218,71353,20000,30000,70000,43529.544,58948.69228,3413745.746,3799026.773
1219,91525,20000,30000,70000,41860.87,58948.69228,3458401.929,3933304.411
1220,61710,20000,30000,70000,43354.12,58948.69228,3472427.616,3835215.213
1221,85570,20000,30000,70000,44459.082,58948.69228,3466706.03,3891842.359
1222,79530,20000,30000,70000,44624.896,58948.69228,3489968.63,3896532.114
1223,72868.5,20000,30000,70000,40229.172,58948.69228,3432547.996,3882265.427
1224,75988,20000,30000,70000,41926.656,58948.69228,3434592.047,3873168.381
1225,66862.5,20000,30000,70000,40664.85,58948.69228,3462089.498,3892246.069
1226,74273,20000,30000,70000,41642.096,58948.69228,3445941.359,3888579.987
1227,81695.5,20000,30000,70000,42461.412,58948.69228,3435647.631,3893054.686
1228,90972,20000,30000,70000,44691.792,58948.69228,3491790.568,3950321.758
1229,73225.5,20000,30000,70000,39832,58948.69228,3458813.744,3931531.362
1230,66520,26652,30000,70000,40787.1,58948.69228,3461104.642,3908981.743
1231,81346,28134.6,30000,70000,41728.968,58948.69228,3491362.533,3977217.623
1232,74020,27402,30000,70000,44604.128,58948.69228,3451056.93,3876470.857
1233,64832.5,26483.25,30000,70000,40756.692,58948.69228,3487285.856,3938618.543
1234,88948,28894.8,30000,70000,43230.948,58948.69228,3471759.541,3970349.373
1235,85315,28531.5,30000,70000,42433.98,58948.69228,3460475.241,3961122.147
1236,85384,20000,30000,70000,43022.496,58948.69228,3489434.038,3976688.58
1237,63187,20000,30000,70000,44591.652,58948.69228,3450707.166,3849765.195
1238,86141,20000,30000,70000,40800.312,58948.69228,3484946.601,4010791.106
1239,73201,20000,30000,70000,40043.334,58948.69228,3421895.015,3920291.976
1240,69540,20000,30000,70000,40021.68,58948.69228,3434680.697,3924836.703
1241,86349.5,20000,30000,70000,42769.89,58948.69228,3486631.9,3995495.582
1242,75862,20000,30000,70000,44017.212,58948.69228,3493934.492,3956088.344
1243,72194,20000,30000,70000,41895.51,58948.69228,3456469.838,3938808.269
1244,66032,20000,30000,70000,41529.392,58948.69228,3448914.515,3919918.432
1245,67330,20000,100696.5,70000,44651.16,58948.69228,3456488.522,3963540.295
1246,71122,20000,104678.1,70000,42255.656,58948.69228,3498211.475,4056464.694
1247,87390,20000,121759.5,70000,43505.01,58948.69228,3473870.768,4086854.441
1248,64372,20000,97590.6,70000,41816.064,58948.69228,3490336.341,4032572.33
1249,62550,20000,95677.5,70000,43261.882,58948.69228,3559568.36,4078177.577
1250,87600,20000,121980,70000,41910,58948.69228,3575464.285,4220343.767
1251,68279.5,20000,101693.475,70000,44321.448,58948.69228,3539870.378,4075108.537
1252,80228,20000,114239.4,270570,44162.624,58948.69228,3547256.767,4338641.157
1253,79039,20000,112990.95,267597.5,40535.224,58948.69228,3519243.272,4353905.461
1254,62800,20000,95940,227000,40882.212,58948.69228,3560846.998,4285608.812
1255,75400,20000,109170,258500,43408.42,58948.69228,3543327.16,4322610.257
1256,83624,20000,117805.2,279060,42153.056,58948.69228,3661729.275,4515949.42
1257,78662.5,20000,112595.625,266656.25,43417.218,58948.69228,3721774.835,4529734.788
1258,78096,20000,112000.8,265240,43848.064,58948.69228,3651046.363,4453120.569
1259,87600.5,20000,121980.525,289001.25,41995.752,64843.5615,3641829.415,4532435.571
1260,68770,26877,30000,70000,40747.8,64843.5615,3911032.669,4459977.941
1261,71977,27197.7,30000,70000,42022.374,64843.5615,3747567.958,4293611.623
1262,94750,29475,30000,70000,44492.808,64843.5615,3788251.898,4377517.059
1263,81563.5,28156.35,30000,70000,44625.54,64843.5615,3877928.458,4427748.948
1264,94900,29490,30000,70000,42101.536,64843.5615,3652804.689,4280674.847
1265,74102.5,27410.25,30000,70000,44102.22,64843.5615,3706229.543,4246795.876
1266,69097,20000,30000,70000,42854.964,64843.5615,3681257.796,4218907.42
1267,63450,20000,30000,70000,41740.022,64843.5615,3645248.737,4183703.329
1268,88860,20000,30000,70000,41039.208,64843.5615,3515544.381,4143897.757
1269,78778,20000,30000,70000,40918.476,64843.5615,3495076.748,4098053.547
1270,92810,20000,30000,70000,43970,64843.5615,3484291.221,4095037.154
1271,84621.5,20000,30000,70000,43553.944,64843.5615,3483450.131,4078445.154
1272,68788,20000,30000,70000,42880.272,64843.5615,3498658.604,4057919.299
1273,71388,20000,30000,70000,44924.652,64843.5615,3462404.908,4007781.878
1274,92465,20000,30000,70000,43292.916,64843.5615,3479704.881,4113550.032
1275,64487.5,20000,30000,70000,43928.1,64843.5615,3487159.818,4032032.26
1276,63900,20000,30000,70000,44776.08,64843.5615,3462619.915,3999146.363
1277,67781,20000,30000,70000,40233.878,64843.5615,3469652.067,4078475.276
1278,64639,20000,30000,70000,42291.804,64843.5615,3486339.215,4064038.548
1279,94746,20000,30000,70000,45028.25,64843.5615,3446120.478,4085435.488
1280,94820,20000,30000,70000,42049.92,64843.5615,3454741.795,4135113.233
1281,89129.5,20000,30000,70000,45115.8,64843.5615,3445261.666,4074715.579
1282,94327,20000,30000,70000,40427.788,64843.5615,3529098.333,4235953.792
1283,80287.5,20000,30000,70000,42329.63,64843.5615,3492403.381,4137425.55
1284,72004,20000,30000,70000,43636.08,64843.5615,3516285.075,4124359.859
1285,69490,20000,30000,70000,40937.92,64843.5615,3504407.404,4141815.188
1286,80475,20000,30000,70000,41036.452,64843.5615,3488012.585,4161660.394
1287,89546.5,20000,30000,70000,44257.386,64843.5615,3522413.065,4188798.388
1288,74804,20000,30000,70000,43487.936,64843.5615,3506558.802,4141735.018
1289,92908,20000,30000,70000,42126.912,64843.5615,3482863.273,4193536.118
1290,87820,28782,30000,70000,40639.92,64843.5615,3483907.346,4209930.675
1291,84660.5,28466.05,30000,70000,45037.568,64843.5615,3531495.255,4199307.628
1292,77620,27762,30000,70000,41757.2,64843.5615,3474920.077,4164044.072
1293,71215,27121.5,30000,70000,44393.676,64843.5615,3524347.445,4166381.338
1294,94562,29456.2,30000,70000,42896.004,64843.5615,3526102.032,4263303.078
1295,82980,28298,30000,70000,45236.97,64843.5615,3526003.929,4203651.017
1296,84988,20000,30000,70000,44105.664,64843.5615,3517108.452,4210235.909
1297,88296,20000,30000,70000,42189.206,64843.5615,3514832.114,4244796.469
1298,74735,20000,30000,70000,42624.348,64843.5615,3464766.611,4152871.037
1299,84535,20000,30000,70000,40690.77,64843.5615,3507449.805,4252081.517
1300,92400,20000,30000,70000,42209.6,64843.5615,3485981.731,4241104.993
1301,84665,20000,30000,70000,42741.994,64843.5615,3450049.196,4179932.007
1302,66502,20000,30000,70000,43129.368,64843.5615,3458241.724,4133028.693
1303,85446.5,20000,30000,70000,45344.128,64843.5615,3484156.65,4195296.981
1304,70516,20000,30000,70000,40721.488,64843.5615,3520396.074,4243703.702
1305,84272.5,20000,30000,70000,41048.13,64843.5615,3481990.595,4247551.423
1306,73889,20000,30000,70000,44640.26,64843.5615,3504550.276,4202215.961
1307,76559.5,20000,30000,70000,45346.794,64843.5615,3515419.582,4217669.812
1308,69424,20000,30000,70000,43265.736,64843.5615,3495460.123,4204128.852
1309,77331,20000,30000,70000,42233.914,64843.5615,3443699.751,4192358.215
1310,83285,20000,30000,70000,42235.4,64843.5615,3476066.231,4247150.869
1311,96458.5,20000,30000,70000,44268.924,64843.5615,3522371.167,4315046.997
1312,83412,20000,30000,70000,41975.936,64843.5615,3529586.292,4312817.597
1313,95949,20000,30000,70000,41039.704,64843.5615,3465416.436,4301376.941
1314,92080,20000,30000,70000,44251.644,64843.5615,3481760.067,4274971.207
1315,72425,20000,30000,70000,41621.97,64843.5615,3451806.322,4219055.505
1316,96826,20000,30000,70000,44589.176,64843.5615,3456610.566,4269572.554
1317,88997.5,20000,30000,70000,43425.498,64843.5615,3513212.252,4319787.584
1318,73249,20000,30000,70000,44977.752,64843.5615,3507683.406,4254323.525
1319,75942.5,20000,30000,70000,41037.392,64843.5615,3486254.664,4288332.8
1320,66760,26676,30000,70000,44097.6,64843.5615,3504756.78,4257210.995
1321,80020.5,28002.05,30000,70000,40837.484,64843.5615,3500777.212,4334259.092
1322,88674,28867.4,30000,70000,43275.524,64843.5615,3457348.438,4296205.418
1323,98002,29800.2,30000,70000,44574.168,64843.5615,3521411.192,4380105.534
1324,70272,27027.2,30000,70000,42543.576,64843.5615,3498512.577,4296901.078
1325,86225,28622.5,30000,70000,45542.25,64843.5615,3503454.398,4324464.085
1326,95572,20000,30000,70000,42833.028,64843.5615,3515157.245,4389009.653
1327,85028,20000,30000,70000,44602.308,64843.5615,3466833.136,4294896.019
1328,85756,20000,30000,70000,41362.368,64843.5615,3467742.281,4336543.412
1329,93794.5,20000,30000,70000,44023.608,64843.5615,3501496.292,4371427.668
1330,81895,20000,30000,70000,43007.4,64843.5615,3494104.934,4343348.583
1331,91273.5,20000,30000,70000,42535.358,64843.5615,3483130.49,4370195.51
1332,93340,20000,30000,70000,44121.864,64843.5615,3484157.554,4365804.727
1333,81413,20000,30000,70000,45332.166,64843.5615,3503868.436,4341895.658
1334,99483,20000,30000,70000,43049.188,64843.5615,3461339.776,4381907.421
1335,85540,20000,119817,70000,42669.15,64843.5615,3491351.262,4468259.955
1336,69572,20000,103050.6,70000,43058.064,64843.5615,3466864.668,4379657.071
1337,67618.5,20000,100999.425,70000,42877.984,64843.5615,3437660.483,4349074.189
1338,71014,20000,104564.7,70000,44078.436,64843.5615,3405861.98,4323820.127
1339,71067,20000,104620.35,70000,43111.488,64843.5615,3552679.426,4485311.279
1340,99930,20000,134926.5,70000,43665.32,64843.5615,3479865.764,4529063.372
1341,78548.5,20000,112475.925,70000,44533.758,64843.5615,3530634.014,4489233.461
1342,85317,20000,119582.85,70000,41213.752,64843.5615,3478216.43,4501819.41
1343,100825,20000,135866.25,70000,44501.714,64843.5615,3566139.85,4625326.868
1344,79396,20000,113365.8,70000,42493.824,64843.5615,3595604.744,4592236.056
1345,94250,20000,128962.5,70000,41217.3,64843.5615,3621370.803,4695532.148
1346,68746,20000,102183.3,70000,44760.236,64843.5615,3527221.065,4468490.918
1347,80246.5,20000,114258.825,70000,44086.926,64843.5615,3611172.059,4610586.186
1348,76936,20000,110782.8,70000,42037.64,64843.5615,3622980.499,4633508.454
1349,68224.5,20000,101635.725,70000,46104.362,71327.91765,3523037.9,4463590.498
1350,75025,27502.5,30000,70000,45765.3,71327.91765,3547772.977,4452239.987
1351,69001,26900.1,30000,70000,44679.966,71327.91765,3598839.595,4500573.42
1352,77840,27784,30000,70000,45034.24,71327.91765,3530912.378,4460931.147
1353,81956.5,28195.65,30000,70000,42076.878,71327.91765,3589498.994,4564533.154
1354,87433,28743.3,30000,70000,44130.344,71327.91765,3457175.391,4434604.696
1355,81400,28140,30000,70000,44373.84,71327.91765,3495331.639,4457555.349
1356,97054,20000,30000,70000,44975.664,71327.91765,3488739.487,4487806.381
1357,82198.5,20000,30000,70000,44807.584,71327.91765,3532725.658,4495499.227
1358,94481,20000,30000,70000,44077.028,71327.91765,3422440.856,4432630.915
1359,84358,20000,30000,70000,44940.846,71327.91765,3446676.851,4424958.024
1360,98700,20000,30000,70000,42620.8,71327.91765,3464431.098,4510328.019
1361,83801.5,20000,30000,70000,41307.188,71327.91765,3418892.47,4438569.129
1362,92716,20000,30000,70000,45483.216,71327.91765,3466625.058,4480133.273
1363,73020.5,20000,30000,70000,41111.176,71327.91765,3421488.717,4421987.862
1364,71028,20000,30000,70000,45792.392,71327.91765,3405850.431,4364624.944
1365,79952.5,20000,30000,70000,42369.63,71327.91765,3430817.812,4450724.542
1366,77279,20000,30000,70000,43807.528,71327.91765,3469938.653,4474886.435
1367,93739.5,20000,30000,70000,41854.624,71327.91765,3417283.607,4492047.598
1368,76024,20000,30000,70000,41660.832,71327.91765,3481089.037,4511578.826
1369,70603.5,20000,30000,70000,44779.724,71327.91765,3418556.733,4412033.321
1370,82985,20000,30000,70000,41666.92,71327.91765,3418737.039,4479884.901
1371,98126.5,20000,30000,70000,44277.594,71327.91765,3438597.995,4526775.192
1372,81048,20000,30000,70000,43374.256,71327.91765,3441464.748,4493351.411
1373,101015.5,20000,30000,70000,45470.964,71327.91765,3433073.759,4530579.567
1374,101089,20000,30000,70000,46416.552,71327.91765,3445771.319,4541202.895
1375,94287.5,20000,30000,70000,42848,71327.91765,3418471.191,4529294.252
1376,90916,20000,30000,70000,45061.696,71327.91765,3446326.775,4534744.657
1377,86162.5,20000,30000,70000,42222.252,71327.91765,3371639.784,4475041.564
1378,86914,20000,30000,70000,42955.956,71327.91765,3400123.786,4505219.885
1379,73187,20000,30000,70000,42959.842,71327.91765,3451325.912,4522304.191
1380,91870,29187,30000,70000,45591.24,71327.91765,3427132.919,4545697.623
1381,73293,27329.3,30000,70000,44735.27,71327.91765,3419183.066,4494785.596
1382,87857,28785.7,30000,70000,43529.78,71327.91765,3409509.86,4543717.298
1383,80314,28031.4,30000,70000,45467.472,71327.91765,3427840.21,4529960.969
1384,96980,29698,30000,70000,42912.72,71327.91765,3346438.123,4523853.792
1385,90817.5,29081.75,30000,70000,42631.2,71327.91765,3409426.232,4576225.482
1386,82567,20000,30000,70000,42224.52,71327.91765,3400622.671,4543274.296
1387,104125,20000,30000,70000,43567.634,71327.91765,3406843.692,4606916.118
1388,100036,20000,30000,70000,43113.824,71327.91765,3369067.793,4566443.332
1389,70244.5,20000,30000,70000,45292.89,71327.91765,3377520.996,4478345.26
1390,99485,20000,30000,70000,41233.98,71327.91765,3386617.436,4607720.355
1391,82864.5,20000,30000,70000,45607.02,71327.91765,3349514.14,4495867.879
1392,69700,20000,30000,70000,41653.824,71327.91765,3385029.699,4528426.945
1393,82287,20000,30000,70000,45930.348,71327.91765,3406357.051,4560269.941
1394,91407,20000,30000,70000,43538.528,71327.91765,3430913.082,4634257.771
1395,88682.5,20000,30000,70000,41974.68,71327.91765,3396699.117,4609184.076
1396,103404,20000,30000,70000,46227.104,71327.91765,3380633.977,4610618.878
1397,102081,20000,30000,70000,44743.938,71327.91765,3426028.465,4668592.153
1398,81883,20000,30000,70000,41592.216,71327.91765,3395133.193,4607645.878
1399,95931.5,20000,30000,70000,43131.014,71327.91765,3394133.793,4641857.551
1400,92500,20000,30000,70000,45915.2,71327.91765,3413886.351,4638095.767
1401,75053.5,20000,30000,70000,41261.238,71327.91765,3404552.11,4616585.057
1402,81416,20000,30000,70000,46498.736,71327.91765,3425166.253,4625242.753
1403,103220.5,20000,30000,70000,41510.212,71327.91765,3358758.685,4661200.409
1404,99784,20000,30000,70000,46828.344,71327.91765,3349463.871,4611827.605
1405,78077.5,20000,30000,70000,44971.68,71327.91765,3441860.015,4660227.931
1406,98520,20000,30000,70000,45316.964,71327.91765,3387393.994,4667948.323
1407,83816.5,20000,30000,70000,41323.536,71327.91765,3353009.457,4623458.201
1408,74020,20000,30000,70000,41525.888,71327.91765,3406453.141,4653097.648
1409,86753.5,20000,30000,70000,44991.76,71327.91765,3359218.08,4625597.897
1410,86815,28681.5,30000,70000,46635.18,71327.91765,3350313.489,4620824.239
1411,94637,29463.7,30000,70000,45690.32,71327.91765,3418941.604,4724569.486
1412,75642,27564.2,30000,70000,43094.888,71327.91765,3410419.495,4681919.29
1413,83467,28346.7,30000,70000,44429.556,71327.91765,3405330.487,4697410.968
1414,82112,28211.2,30000,70000,46263.828,71327.91765,3421868.016,4704351.464
1415,85000,28500,30000,70000,41342.64,71327.91765,3389057.801,4716218.053
1416,81520,20000,30000,70000,42780.816,71327.91765,3362796.57,4668354.491
1417,87245.5,20000,30000,70000,41494.704,71327.91765,3346947.381,4682357.427
1418,85180,20000,30000,70000,45907.124,71327.91765,3361448.032,4670192.281
1419,99430,20000,30000,70000,45924.018,71327.91765,3291508.986,4646806.121
1420,103050,20000,30000,70000,42709,71327.91765,3368653.835,4759041.437
1421,82518,20000,30000,70000,43468.238,71327.91765,3314951.364,4647873.952
1422,106039,20000,30000,70000,42365.712,71327.91765,3317757.993,4730045.288
1423,72673,20000,30000,70000,47007.696,71327.91765,3324656.535,4620722.943
1424,73436,20000,30000,70000,44954.848,71327.91765,3274485.327,4590275.18
1425,78475,20000,112398.75,70000,45846,71327.91765,3371384.302,4784826.279
1426,94216,20000,128926.8,70000,42574.468,71327.91765,3349381.158,4848336.537
1427,99276.5,20000,134240.325,70000,42617.534,71327.91765,3375565.86,4899752.884
1428,88636,20000,123067.8,70000,43254.696,71327.91765,3362656.136,4847515.611
1429,82982,20000,117131.1,70000,41983.594,71327.91765,3379168.19,4854514.56
1430,93765,20000,128453.25,70000,43962.52,71327.91765,3321470.07,4834087.307
1431,77374,20000,111242.7,70000,41914.506,71327.91765,3404680.662,4869856.171
1432,91032,20000,125583.6,297580,45969.664,71327.91765,3419604.147,5150264.67
1433,93961.5,20000,128659.575,304903.75,43017.372,71327.91765,3427269.68,5197800.232
1434,104065,20000,139268.25,330162.5,41603.928,71327.91765,3437160.242,5285329.96
1435,93375,20000,128043.75,303437.5,42467.28,71327.91765,3395745.604,5176796.24
1436,85542,20000,119819.1,283855,44377.232,71327.91765,3676513.344,5403637.567
1437,80572,20000,114600.6,271430,46128.888,71327.91765,3708295.182,5400829.197
1438,90694,20000,125228.7,296735,44529.552,71327.91765,3691579.67,5462642.626
1439,89318,20000,123783.9,293295,47250.732,78460.70942,3542014.789,5293560.571
1440,95140,29514,30000,70000,46770.24,78460.70942,3693924.495,5162117.247
1441,80075.5,28007.55,30000,70000,46300.592,78460.70942,3798205.053,5231985.286
1442,98877,29887.7,30000,70000,41769.604,78460.70942,3835961.588,5349970.175
1443,93173.5,29317.35,30000,70000,42028.848,78460.70942,3724610.956,5227039.739
1444,80242,28024.2,30000,70000,46955.448,78460.70942,3603984.657,5053296.636
1445,99082.5,29908.25,30000,70000,42655.31,78460.70942,3529986.844,5057866.131
1446,75292,20000,30000,70000,47028.096,78460.70942,3551904.059,4991514.456
1447,89814,20000,30000,70000,41691.76,78460.70942,3490391.282,4998947.057
1448,103632,20000,30000,70000,42852.448,78460.70942,3404307.228,4951318.705
1449,77621.5,20000,30000,70000,44571.144,78460.70942,3341943.198,4816643.981
1450,79850,20000,30000,70000,46141.4,78460.70942,3371715.217,4851892.341
1451,93689.5,20000,30000,70000,42054.908,78460.70942,3453330.05,4994169.462
1452,80686,20000,30000,70000,42867.624,78460.70942,3313731.005,4821704.662
1453,93092,20000,30000,70000,44285.896,78460.70942,3318677.874,4860643.512
1454,89521,20000,30000,70000,41812.296,78460.70942,3261311.616,4809360.999
1455,84490,20000,30000,70000,43196.85,78460.70942,3322121.357,4856952.448
1456,72900,20000,30000,70000,47463.264,78460.70942,3303387.507,4796247.379
1457,83149,20000,30000,70000,43923.092,78460.70942,3320274.955,4860659.582
1458,95599,20000,30000,70000,46583.292,78460.70942,3353495.407,4923840.333
1459,74509,20000,30000,70000,43387.784,78460.70942,3324583.74,4855533.333
1460,109600,20000,30000,70000,44929.96,78460.70942,3408712.878,5035489.922
1461,99448,20000,30000,70000,46596.96,78460.70942,3341110.311,4940480.265
1462,95130,20000,30000,70000,43962.1,78460.70942,3300818.037,4903914.539
1463,97389.5,20000,30000,70000,42028.786,78460.70942,3384691.298,5006675.409
1464,105508,20000,30000,70000,47544.576,78460.70942,3305796.629,4937126.382
1465,74815,20000,30000,70000,45004.53,78460.70942,3372420.362,4935199.578
1466,99055,20000,30000,70000,44135.172,78460.70942,3337833.205,4975442.033
1467,86653,20000,30000,70000,44250.438,78460.70942,3327695.461,4937423.087
1468,97722,20000,30000,70000,47501.496,78460.70942,3464248.551,5099904.801
1469,80895,20000,30000,70000,42321.972,78460.70942,3397114.854,5009545.598
1470,78745,27874.5,30000,70000,45129.24,78460.70942,3406696.768,5018710.439
1471,86153.5,28615.35,30000,70000,45433.732,78460.70942,3392221.735,5030401.723
1472,87684,28768.4,30000,70000,47346.048,78460.70942,3407633.358,5050790.574
1473,84061,28406.1,30000,70000,41910.678,78460.70942,3433239.671,5088200.22
1474,98121,29812.1,30000,70000,44610.288,78460.70942,3427752.402,5120705.481
1475,110725,31072.5,30000,70000,43272.05,78460.70942,3451080.951,5189355.406
1476,101944,20000,30000,70000,47446.32,78460.70942,3424864.05,5123203.051
1477,102751.5,20000,30000,70000,47585.162,78460.70942,3502149.97,5208725.49
1478,95431,20000,30000,70000,43733.576,78460.70942,3438438.306,5141565.379
1479,111025,20000,30000,70000,45911.082,78460.70942,3481631.217,5227679.671
1480,96300,20000,30000,70000,45812.32,78460.70942,3382716.719,5095513.813
1481,83036,20000,30000,70000,46557.58,78460.70942,3451917.17,5133395.999
1482,83833,20000,30000,70000,43370.604,78460.70942,3497988.144,5195503.956
1483,80923.5,20000,30000,70000,43969.86,78460.70942,3370715.383,5065214.343
1484,82462,20000,30000,70000,46490.208,78460.70942,3398774.797,5098068.21
1485,106277.5,20000,30000,70000,43584.78,78460.70942,3433042.432,5209403.261
1486,86288,20000,30000,70000,44925.384,78460.70942,3451118.147,5176870.447
1487,88576.5,20000,30000,70000,45087.102,78460.70942,3498234.503,5236150.224
1488,87148,20000,30000,70000,45296.64,78460.70942,3452515.183,5192478.949
1489,99863,20000,30000,70000,47698.254,78460.70942,3506594.004,5282557.189
1490,97695,20000,30000,70000,41991.52,78460.70942,3545693.178,5333013.162
1491,79123,20000,30000,70000,45712.158,78460.70942,3490898.976,5227459.071
1492,99318,20000,30000,70000,47172.92,78460.70942,3533415.741,5328233.114
1493,95652,20000,30000,70000,42753.206,78460.70942,3457235.29,5256143.824
1494,98704,20000,30000,70000,42382.272,78460.70942,3505641.392,5319563.401
1495,92042.5,20000,30000,70000,43810.81,78460.70942,3546967.079,5346805.644
1496,109308,20000,30000,70000,45118.576,78460.70942,3443008.589,5293600.117
1497,101147.5,20000,30000,70000,44832.276,78460.70942,3440772.16,5276088.936
1498,77996,20000,30000,70000,44782.264,78460.70942,3500648.734,5279948.262
1499,106529,20000,30000,70000,44333.438,78460.70942,3477390.057,5340416.789
1500,88600,28860,30000,70000,45699,78460.70942,3522580.81,5350650.539
1501,84156,28415.6,30000,70000,45238.152,78460.70942,3477348.218,5299897.477
1502,90971,29097.1,30000,70000,46813.388,78460.70942,3480450.257,5326438.809
1503,111322,31132.2,30000,70000,46181.298,78460.70942,3589735.029,5499585.227
1504,103876,30387.6,30000,70000,46682.368,78460.70942,3529225.871,5424074.528
1505,109965,30996.5,30000,70000,47066.7,78460.70942,3540779.509,5458555.218
1506,105520,20000,30000,70000,46066.008,78460.70942,3541237.182,5443359.836
1507,94287.5,20000,30000,70000,44295.402,78460.70942,3597205.294,5476995.858
1508,100382,20000,30000,70000,45837.016,78460.70942,3606857.191,5507913.118
1509,85358.5,20000,30000,70000,47791.11,78460.70942,3562244.672,5427674.278
1510,105045,20000,30000,70000,47917.66,78460.70942,3623036.371,5547617.439
1511,107381,20000,30000,70000,44339.39,78460.70942,3604836.199,5544402.915
1512,81748,20000,30000,70000,42858.048,78460.70942,3637716.126,5515492.481
1513,90123.5,20000,30000,70000,46939.548,78460.70942,3486331.33,5390424.013
1514,109865,20000,30000,70000,44355.748,78460.70942,3575677.72,5540275.369
1515,113725,20000,149411.25,70000,44643.99,78460.70942,3542096.149,5642442.997
1516,85754,20000,120041.7,70000,43762.248,78460.70942,3502470.209,5504864.108
1517,78984,20000,112933.2,70000,45658.474,78460.70942,3526608.284,5509219.589
1518,108637,20000,144068.85,70000,43461.624,78460.70942,3538413.333,5638384.044
1519,109468,20000,144941.4,70000,46654.316,78460.70942,3694025.402,5802492.966
1520,108020,20000,143421,70000,42315.04,78460.70942,3656292.698,5766149.777
1521,78431.5,20000,112353.075,70000,43509.522,78460.70942,3675966.393,5681334.169
1522,83810,20000,118000.5,70000,43914.124,78460.70942,3603678.358,5635106.653
1523,95287.5,20000,130051.875,70000,45558.968,78460.70942,3739815.113,5820116.617
1524,113638,20000,149319.9,70000,44712.696,78460.70942,3731909.306,5886631.15
1525,78637.5,20000,112569.375,70000,45634.3,78460.70942,3795464.732,5825945.626
1526,93186,20000,127845.3,70000,42836.712,78460.70942,3666635.53,5756839.607
1527,76450,20000,110272.5,70000,43000.878,78460.70942,3749826.877,5783664.559
1528,99420,20000,134391,70000,42816.864,78460.70942,3727610.8,5852883.67
1529,80372.5,20000,114391.125,70000,46556.012,86306.78036,3838150.524,5897181.876
1530,91135,29113.5,30000,70000,45474.42,86306.78036,3794499.535,5811274.24
1531,85836,28583.6,30000,70000,42260.248,86306.78036,3887770.452,5895002.481
1532,82062,28206.2,30000,70000,42942.336,86306.78036,3801710.526,5805230.321
1533,112775.5,31277.55,30000,70000,44637.084,86306.78036,3812795.476,5904367.903
1534,105179,30517.9,30000,70000,47687.02,86306.78036,3699476.949,5779034.144
1535,101410,30141,30000,70000,44812.75,86306.78036,3786693.096,5860367.009
1536,91492,20000,30000,70000,44929.92,86306.78036,3763545.852,5807990.156
1537,113069.5,20000,30000,70000,46940.814,86306.78036,3800553.143,5907466.337
1538,91611,20000,30000,70000,46727.288,86306.78036,3721682.856,5780062.57
1539,109369,20000,30000,70000,46024.068,86306.78036,3781540.65,5890396.118
1540,81720,20000,30000,70000,45744.96,86306.78036,3697819.689,5742323.716
1541,79461.5,20000,30000,70000,47197.56,86306.78036,3737175.634,5783566.688
1542,86452,20000,30000,70000,47477.028,86306.78036,3635884.004,5706445.968
1543,99623.5,20000,30000,70000,48080.874,86306.78036,3659943.829,5770748.617
1544,101232,20000,30000,70000,47478.08,86306.78036,3769961.594,5890261.546
1545,110567.5,20000,30000,70000,46482.06,86306.78036,3697651.207,5846434.009
1546,116050,20000,30000,70000,45076.592,86306.78036,3729359.048,5896185.135
1547,96014,20000,30000,70000,48167.968,86306.78036,3766272.051,5892749.414
1548,101494,20000,30000,70000,43359.24,86306.78036,3698290.167,5837722.438
1549,94589,20000,30000,70000,43299.714,86306.78036,3717701.376,5845473.642
1550,113250,20000,30000,70000,46504.4,86306.78036,3722848.904,5908828.461
1551,97037.5,20000,30000,70000,42811.26,86306.78036,3708740.459,5853714.622
1552,93996,20000,30000,70000,42568.096,86306.78036,3726980.92,5869730.564
1553,95609.5,20000,30000,70000,48272.598,86306.78036,3795668.937,5958406.97
1554,93340,20000,30000,70000,48334.092,86306.78036,3735106.849,5898415.941
1555,116725,20000,30000,70000,44918.67,86306.78036,3744417.54,5966615.963
1556,91904,20000,30000,70000,47778.856,86306.78036,3777985.71,5949001.541
1557,102862,20000,30000,70000,42882.618,86306.78036,3766100.893,5961239.221
1558,111497,20000,30000,70000,44953.684,86306.78036,3672095.276,5899160.406
1559,81168,20000,30000,70000,45109.828,86306.78036,3756413.228,5913258.611
1560,110860,31086,30000,70000,45069.6,86306.78036,3800927.723,6049739.511
1561,109370,30937,30000,70000,44994.966,86306.78036,3802474.404,6053232.223
1562,111783,31178.3,30000,70000,48116.076,86306.78036,3806996.092,6077179.448
1563,90754,29075.4,30000,70000,46896.03,86306.78036,3789467.869,6007877.105
1564,104106,30410.6,30000,70000,48611.6,86306.78036,3837671.099,6101301.162
1565,98695,29869.5,30000,70000,42695.28,86306.78036,3798596.486,6039859.787
1566,114418,20000,30000,70000,42897.576,86306.78036,3899096.239,6176516.432
1567,83151,20000,30000,70000,48095.716,86306.78036,3791809.306,6009613.17
1568,79284,20000,30000,70000,44663.936,86306.78036,3873240.494,6078582.114
1569,91102,20000,30000,70000,43731.888,86306.78036,3823447.564,6062094.349
1570,102935,20000,30000,70000,43828.56,86306.78036,3835661.504,6110327.031
1571,90432.5,20000,30000,70000,43215.252,86306.78036,3835893.748,6083358.269
1572,84202,20000,30000,70000,47414.616,86306.78036,3750449.358,6000047.224
1573,78750,20000,30000,70000,46620.318,86306.78036,3806735.529,6046502.672
1574,101623,20000,30000,70000,48529.128,86306.78036,3876544.469,6185577.143
1575,102475,20000,30000,70000,44152.95,86306.78036,3870529.384,6174825.861
